member_id,honorific,first_name,last_name,constituency,province_territory,party_affiliation,start_date,time_retrieved,source
89156,,Ziad,Aboultaif,Edmonton Manning,Alberta,Conservative,2021-09-20T00:00:00,1706738730620,/members/en/ziad-aboultaif(89156)
105340,,Scott,Aitchison,Parry Sound—Muskoka,Ontario,Conservative,2021-09-20T00:00:00,1706738730620,/members/en/scott-aitchison(105340)
72029,,Dan,Albas,Central Okanagan—Similkameen—Nicola,British Columbia,Conservative,2021-09-20T00:00:00,1706738730620,/members/en/dan-albas(72029)
89258,,John,Aldag,Cloverdale—Langley City,British Columbia,Liberal,2021-09-20T00:00:00,1706738730620,/members/en/john-aldag(89258)
89535,Hon.,Omar,Alghabra,Mississauga Centre,Ontario,Liberal,2021-09-20T00:00:00,1706738730620,/members/en/omar-alghabra(89535)
110339,,Shafqat,Ali,Brampton Centre,Ontario,Liberal,2021-09-20T00:00:00,1706738730620,/members/en/shafqat-ali(110339)
25446,,Dean,Allison,Niagara West,Ontario,Conservative,2021-09-20T00:00:00,1706738730620,/members/en/dean-allison(25446)
96081,Hon.,Anita,Anand,Oakville,Ontario,Liberal,2021-09-20T00:00:00,1706738730620,/members/en/anita-anand(96081)
89449,Hon.,Gary,Anandasangaree,Scarborough—Rouge Park,Ontario,Liberal,2021-09-20T00:00:00,1706738730620,/members/en/gary-anandasangaree(89449)
25470,,Charlie,Angus,Timmins—James Bay,Ontario,NDP,2021-09-20T00:00:00,1706738730620,/members/en/charlie-angus(25470)
89294,,Mel,Arnold,North Okanagan—Shuswap,British Columbia,Conservative,2021-09-20T00:00:00,1706738730620,/members/en/mel-arnold(89294)
89383,,René,Arseneault,Madawaska—Restigouche,New Brunswick,Liberal,2021-09-20T00:00:00,1706738730620,/members/en/rene-arseneault(89383)
88860,,Chandra,Arya,Nepean,Ontario,Liberal,2021-09-20T00:00:00,1706738730620,/members/en/chandra-arya(88860)
36037,,Niki,Ashton,Churchill—Keewatinook Aski,Manitoba,NDP,2021-09-20T00:00:00,1706738730620,/members/en/niki-ashton(36037)
104586,,Jenica,Atwin,Fredericton,New Brunswick,Liberal,2021-09-20T00:00:00,1706738730620,/members/en/jenica-atwin(104586)
105854,,Taylor,Bachrach,Skeena—Bulkley Valley,British Columbia,NDP,2021-09-20T00:00:00,1706738730620,/members/en/taylor-bachrach(105854)
88867,,Vance,Badawey,Niagara Centre,Ontario,Liberal,2021-09-20T00:00:00,1706738730620,/members/en/vance-badawey(88867)
111067,,Parm,Bains,Steveston—Richmond East,British Columbia,Liberal,2021-09-20T00:00:00,1706738730620,/members/en/parm-bains(111067)
105121,,Yvan,Baker,Etobicoke Centre,Ontario,Liberal,2021-09-20T00:00:00,1706738730620,/members/en/yvan-baker(105121)
30330,,Tony,Baldinelli,Niagara Falls,Ontario,Conservative,2021-09-20T00:00:00,1706738730620,/members/en/tony-baldinelli(30330)
86261,,John,Barlow,Foothills,Alberta,Conservative,2021-09-20T00:00:00,1706738730620,/members/en/john-barlow(86261)
102275,,Michael,Barrett,Leeds—Grenville—Thousand Islands and Rideau Lakes,Ontario,Conservative,2021-09-20T00:00:00,1706738730620,/members/en/michael-barrett(102275)
111023,,Lisa Marie,Barron,Nanaimo—Ladysmith,British Columbia,NDP,2021-09-20T00:00:00,1706738730620,/members/en/lisa-marie-barron(111023)
88422,,Xavier,Barsalou-Duval,Pierre-Boucher—Les Patriotes—Verchères,Quebec,Bloc Québécois,2021-09-20T00:00:00,1706738730620,/members/en/xavier-barsalou-duval(88422)
104571,,Jaime,Battiste,Sydney—Victoria,Nova Scotia,Liberal,2021-09-20T00:00:00,1706738730620,/members/en/jaime-battiste(104571)
376,,Mario,Beaulieu,La Pointe-de-l'Île,Quebec,Bloc Québécois,2021-09-20T00:00:00,1706738730620,/members/en/mario-beaulieu(376)
89236,Hon.,Terry,Beech,Burnaby North—Seymour,British Columbia,Liberal,2021-09-20T00:00:00,1706738730620,/members/en/terry-beech(89236)
88567,,Rachel,Bendayan,Outremont,Quebec,Liberal,2021-09-20T00:00:00,1706738730620,/members/en/rachel-bendayan(88567)
496,,Stéphane,Bergeron,Montarville,Quebec,Bloc Québécois,2021-09-20T00:00:00,1706738730620,/members/en/stephane-bergeron(496)
88541,,Luc,Berthold,Mégantic—L'Érable,Quebec,Conservative,2021-09-20T00:00:00,1706738730620,/members/en/luc-berthold(88541)
104622,,Sylvie,Bérubé,Abitibi—Baie-James—Nunavik—Eeyou,Quebec,Bloc Québécois,2021-09-20T00:00:00,1706738730620,/members/en/sylvie-berube(104622)
25475,,James,Bezan,Selkirk—Interlake—Eastman,Manitoba,Conservative,2021-09-20T00:00:00,1706738730620,/members/en/james-bezan(25475)
88449,Hon.,Marie-Claude,Bibeau,Compton—Stanstead,Quebec,Liberal,2021-09-20T00:00:00,1706738730620,/members/en/marie-claude-bibeau(88449)
88934,,Chris,Bittle,St. Catharines,Ontario,Liberal,2021-09-20T00:00:00,1706738730620,/members/en/chris-bittle(88934)
89032,,Daniel,Blaikie,Elmwood—Transcona,Manitoba,NDP,2021-09-20T00:00:00,1706738730620,/members/en/daniel-blaikie(89032)
88961,Hon.,Bill,Blair,Scarborough Southwest,Ontario,Liberal,2021-09-20T00:00:00,1706738730620,/members/en/bill-blair(88961)
104669,,Yves-François,Blanchet,Beloeil—Chambly,Quebec,Bloc Québécois,2021-09-20T00:00:00,1706738730620,/members/en/yves-francois-blanchet(104669)
104705,,Maxime,Blanchette-Joncas,Rimouski-Neigette—Témiscouata—Les Basques,Quebec,Bloc Québécois,2021-09-20T00:00:00,1706738730620,/members/en/maxime-blanchette-joncas(104705)
89354,,Rachel,Blaney,North Island—Powell River,British Columbia,NDP,2021-09-20T00:00:00,1706738730620,/members/en/rachel-blaney(89354)
59156,,Kelly,Block,Carlton Trail—Eagle Creek,Saskatchewan,Conservative,2021-09-20T00:00:00,1706738730620,/members/en/kelly-block(59156)
104555,,Kody,Blois,Kings—Hants,Nova Scotia,Liberal,2021-09-20T00:00:00,1706738730620,/members/en/kody-blois(104555)
89147,Hon.,Randy,Boissonnault,Edmonton Centre,Alberta,Liberal,2021-09-20T00:00:00,1706738730620,/members/en/randy-boissonnault(89147)
58775,,Alexandre,Boulerice,Rosemont—La Petite-Patrie,Quebec,NDP,2021-09-20T00:00:00,1706738730620,/members/en/alexandre-boulerice(58775)
110487,,Valerie,Bradford,Kitchener South—Hespeler,Ontario,Liberal,2021-09-20T00:00:00,1706738730620,/members/en/valerie-bradford(110487)
88369,,Richard,Bragdon,Tobique—Mactaquac,New Brunswick,Conservative,2021-09-20T00:00:00,1706738730620,/members/en/richard-bragdon(88369)
88674,,John,Brassard,Barrie—Innisfil,Ontario,Conservative,2021-09-20T00:00:00,1706738730620,/members/en/john-brassard(88674)
104977,,Élisabeth,Brière,Sherbrooke,Quebec,Liberal,2021-09-20T00:00:00,1706738730620,/members/en/elisabeth-briere(104977)
110354,,Larry,Brock,Brantford—Brant,Ontario,Conservative,2021-09-20T00:00:00,1706738730620,/members/en/larry-brock(110354)
104786,,Alexis,Brunelle-Duceppe,Lac-Saint-Jean,Quebec,Bloc Québécois,2021-09-20T00:00:00,1706738730620,/members/en/alexis-brunelle-duceppe(104786)
35897,,Blaine,Calkins,Red Deer—Lacombe,Alberta,Conservative,2021-09-20T00:00:00,1706738730620,/members/en/blaine-calkins(35897)
89327,,Richard,Cannings,South Okanagan—West Kootenay,British Columbia,NDP,2021-09-20T00:00:00,1706738730620,/members/en/richard-cannings(89327)
111007,,Frank,Caputo,Kamloops—Thompson—Cariboo,British Columbia,Conservative,2021-09-20T00:00:00,1706738730620,/members/en/frank-caputo(111007)
115744,,Ben,Carr,Winnipeg South Centre,Manitoba,Liberal,2023-06-19T00:00:00,1706738730620,/members/en/ben-carr(115744)
25486,,Colin,Carrie,Oshawa,Ontario,Conservative,2021-09-20T00:00:00,1706738730620,/members/en/colin-carrie(25486)
71270,,Sean,Casey,Charlottetown,Prince Edward Island,Liberal,2021-09-20T00:00:00,1706738730620,/members/en/sean-casey(71270)
104678,,Louise,Chabot,Thérèse-De Blainville,Quebec,Bloc Québécois,2021-09-20T00:00:00,1706738730620,/members/en/louise-chabot(104678)
89000,Hon.,Bardish,Chagger,Waterloo,Ontario,Liberal,2021-09-20T00:00:00,1706738730620,/members/en/bardish-chagger(89000)
110882,,George,Chahal,Calgary Skyview,Alberta,Liberal,2021-09-20T00:00:00,1706738730620,/members/en/george-chahal(110882)
110649,,Adam,Chambers,Simcoe North,Ontario,Conservative,2021-09-20T00:00:00,1706738730620,/members/en/adam-chambers(110649)
88633,Hon.,François-Philippe,Champagne,Saint-Maurice—Champlain,Quebec,Liberal,2021-09-20T00:00:00,1706738730620,/members/en/francois-philippe-champagne(88633)
104741,,Martin,Champoux,Drummond,Quebec,Bloc Québécois,2021-09-20T00:00:00,1706738730620,/members/en/martin-champoux(104741)
110225,,Sophie,Chatel,Pontiac,Quebec,Liberal,2021-09-20T00:00:00,1706738730620,/members/en/sophie-chatel(110225)
88953,,Shaun,Chen,Scarborough North,Ontario,Liberal,2021-09-20T00:00:00,1706738730620,/members/en/shaun-chen(88953)
110513,,Paul,Chiang,Markham—Unionville,Ontario,Liberal,2021-09-20T00:00:00,1706738730620,/members/en/paul-chiang(110513)
25488,Hon.,Michael,Chong,Wellington—Halton Hills,Ontario,Conservative,2021-09-20T00:00:00,1706738730620,/members/en/michael-d-chong(25488)
110438,,Chad,Collins,Hamilton East—Stoney Creek,Ontario,Liberal,2021-09-20T00:00:00,1706738730620,/members/en/chad-collins(110438)
105908,,Laurel,Collins,Victoria,British Columbia,NDP,2021-09-20T00:00:00,1706738730620,/members/en/laurel-collins(105908)
89219,,Michael,Cooper,St. Albert—Edmonton,Alberta,Conservative,2021-09-20T00:00:00,1706738730620,/members/en/michael-cooper(89219)
88350,,Serge,Cormier,Acadie—Bathurst,New Brunswick,Liberal,2021-09-20T00:00:00,1706738730620,/members/en/serge-cormier(88350)
110373,,Michael,Coteau,Don Valley East,Ontario,Liberal,2021-09-20T00:00:00,1706738730620,/members/en/michael-coteau(110373)
88994,,Julie,Dabrusin,Toronto—Danforth,Ontario,Liberal,2021-09-20T00:00:00,1706738730620,/members/en/julie-dabrusin(88994)
35909,,Marc,Dalton,Pitt Meadows—Maple Ridge,British Columbia,Conservative,2021-09-20T00:00:00,1706738730620,/members/en/marc-dalton(35909)
88884,,Pam,Damoff,Oakville North—Burlington,Ontario,Liberal,2021-09-20T00:00:00,1706738730620,/members/en/pam-damoff(88884)
105521,,Raquel,Dancho,Kildonan—St. Paul,Manitoba,Conservative,2021-09-20T00:00:00,1706738730620,/members/en/raquel-dancho(105521)
102653,,Scot,Davidson,York—Simcoe,Ontario,Conservative,2021-09-20T00:00:00,1706738730620,/members/en/scot-davidson(102653)
59325,,Don,Davies,Vancouver Kingsway,British Columbia,NDP,2021-09-20T00:00:00,1706738730620,/members/en/don-davies(59325)
35315,,Claude,DeBellefeuille,Salaberry—Suroît,Quebec,Bloc Québécois,2021-09-20T00:00:00,1706738730620,/members/en/claude-debellefeuille(35315)
88535,,Gérard,Deltell,Louis-Saint-Laurent,Quebec,Conservative,2021-09-20T00:00:00,1706738730620,/members/en/gerard-deltell(88535)
49344,,Chris,d'Entremont,West Nova,Nova Scotia,Conservative,2021-09-20T00:00:00,1706738730620,/members/en/chris-dentremont(49344)
104715,,Caroline,Desbiens,Beauport—Côte-de-Beaupré—Île d'Orléans—Charlevoix,Quebec,Bloc Québécois,2021-09-20T00:00:00,1706738730620,/members/en/caroline-desbiens(104715)
104922,,Luc,Desilets,Rivière-des-Mille-Îles,Quebec,Bloc Québécois,2021-09-20T00:00:00,1706738730620,/members/en/luc-desilets(104922)
110889,,Blake,Desjarlais,Edmonton Griesbach,Alberta,NDP,2021-09-20T00:00:00,1706738730620,/members/en/blake-desjarlais(110889)
31098,,Sukh,Dhaliwal,Surrey—Newton,British Columbia,Liberal,2021-09-20T00:00:00,1706738730620,/members/en/sukh-dhaliwal(31098)
88453,,Anju,Dhillon,Dorval—Lachine—LaSalle,Quebec,Liberal,2021-09-20T00:00:00,1706738730620,/members/en/anju-dhillon(88453)
109915,,Lena Metlege,Diab,Halifax West,Nova Scotia,Liberal,2021-09-20T00:00:00,1706738730620,/members/en/lena-metlege-diab(109915)
89249,,Todd,Doherty,Cariboo—Prince George,British Columbia,Conservative,2021-09-20T00:00:00,1706738730620,/members/en/todd-doherty(89249)
105091,,Han,Dong,Don Valley North,Ontario,Independent,2021-09-20T00:00:00,1706738730620,/members/en/han-dong(105091)
105410,,Terry,Dowdall,Simcoe—Grey,Ontario,Conservative,2021-09-20T00:00:00,1706738730620,/members/en/terry-dowdall(105410)
59226,,Earl,Dreeshen,Red Deer—Mountain View,Alberta,Conservative,2021-09-20T00:00:00,1706738730620,/members/en/earl-dreeshen(59226)
88756,,Francis,Drouin,Glengarry—Prescott—Russell,Ontario,Liberal,2021-09-20T00:00:00,1706738730620,/members/en/francis-drouin(88756)
84660,,Emmanuel,Dubourg,Bourassa,Quebec,Liberal,2021-09-20T00:00:00,1706738730620,/members/en/emmanuel-dubourg(84660)
89408,Hon.,Jean-Yves,Duclos,Québec,Quebec,Liberal,2021-09-20T00:00:00,1706738730620,/members/en/jean-yves-duclos(89408)
31119,,Terry,Duguid,Winnipeg South,Manitoba,Liberal,2021-09-20T00:00:00,1706738730620,/members/en/terry-duguid(31119)
105422,,Eric,Duncan,Stormont—Dundas—South Glengarry,Ontario,Conservative,2021-09-20T00:00:00,1706738730620,/members/en/eric-duncan(105422)
58877,Hon.,Kirsty,Duncan,Etobicoke North,Ontario,Liberal,2021-09-20T00:00:00,1706738730620,/members/en/kirsty-duncan(58877)
88721,,Julie,Dzerowicz,Davenport,Ontario,Liberal,2021-09-20T00:00:00,1706738730620,/members/en/julie-dzerowicz(88721)
89010,,Ali,Ehsassi,Willowdale,Ontario,Liberal,2021-09-20T00:00:00,1706738730620,/members/en/ali-ehsassi(89010)
88515,,Fayçal,El-Khoury,Laval—Les Îles,Quebec,Liberal,2021-09-20T00:00:00,1706738730620,/members/en/faycal-el-khoury(88515)
109905,,Stephen,Ellis,Cumberland—Colchester,Nova Scotia,Conservative,2021-09-20T00:00:00,1706738730620,/members/en/stephen-ellis(109905)
105082,,Dave,Epp,Chatham-Kent—Leamington,Ontario,Conservative,2021-09-20T00:00:00,1706738730620,/members/en/dave-epp(105082)
88687,,Nathaniel,Erskine-Smith,Beaches—East York,Ontario,Liberal,2021-09-20T00:00:00,1706738730620,/members/en/nathaniel-erskine-smith(88687)
98749,,Rosemarie,Falk,Battlefords—Lloydminster,Saskatchewan,Conservative,2021-09-20T00:00:00,1706738730620,/members/en/rosemarie-falk(98749)
84672,,Ted,Falk,Provencher,Manitoba,Conservative,2021-09-20T00:00:00,1706738730620,/members/en/ted-falk(84672)
35904,Hon.,Ed,Fast,Abbotsford,British Columbia,Conservative,2021-09-20T00:00:00,1706738730620,/members/en/ed-fast(35904)
88478,Hon.,Greg,Fergus,Hull—Aylmer,Quebec,Liberal,2021-09-20T00:00:00,1706738730620,/members/en/greg-fergus(88478)
110604,,Michelle,Ferreri,Peterborough—Kawartha,Ontario,Conservative,2021-09-20T00:00:00,1706738730620,/members/en/michelle-ferreri(110604)
88325,,Andy,Fillmore,Halifax,Nova Scotia,Liberal,2021-09-20T00:00:00,1706738730620,/members/en/andy-fillmore(88325)
20878,Hon.,Kerry-Lynne,Findlay,South Surrey—White Rock,British Columbia,Conservative,2021-09-20T00:00:00,1706738730620,/members/en/kerry-lynne-d-findlay(20878)
88323,,Darren,Fisher,Dartmouth—Cole Harbour,Nova Scotia,Liberal,2021-09-20T00:00:00,1706738730620,/members/en/darren-fisher(88323)
71692,,Peter,Fonseca,Mississauga East—Cooksville,Ontario,Liberal,2021-09-20T00:00:00,1706738730620,/members/en/peter-fonseca(71692)
96356,Hon.,Mona,Fortier,Ottawa—Vanier,Ontario,Liberal,2021-09-20T00:00:00,1706738730620,/members/en/mona-fortier(96356)
88605,,Rhéal Éloi,Fortin,Rivière-du-Nord,Quebec,Bloc Québécois,2021-09-20T00:00:00,1706738730620,/members/en/rheal-eloi-fortin(88605)
88827,,Peter,Fragiskatos,London North Centre,Ontario,Liberal,2021-09-20T00:00:00,1706738730620,/members/en/peter-fragiskatos(88827)
88316,Hon.,Sean,Fraser,Central Nova,Nova Scotia,Liberal,2021-09-20T00:00:00,1706738730620,/members/en/sean-fraser(88316)
84665,Hon.,Chrystia,Freeland,University—Rosedale,Ontario,Liberal,2021-09-20T00:00:00,1706738730620,/members/en/chrystia-freeland(84665)
1589,Hon.,Hedy,Fry,Vancouver Centre,British Columbia,Liberal,2021-09-20T00:00:00,1706738730620,/members/en/hedy-fry(1589)
110534,,Iqwinder,Gaheer,Mississauga—Malton,Ontario,Liberal,2021-09-20T00:00:00,1706738730620,/members/en/iqwinder-gaheer(110534)
115736,,Anna,Gainey,Notre-Dame-de-Grâce—Westmount,Quebec,Liberal,2023-06-19T00:00:00,1706738730620,/members/en/anna-gainey(115736)
1809,,Cheryl,Gallant,Renfrew—Nipissing—Pembroke,Ontario,Conservative,2021-09-20T00:00:00,1706738730620,/members/en/cheryl-gallant(1809)
110189,,Jean-Denis,Garon,Mirabel,Quebec,Bloc Québécois,2021-09-20T00:00:00,1706738730620,/members/en/jean-denis-garon(110189)
71995,,Randall,Garrison,Esquimalt—Saanich—Sooke,British Columbia,NDP,2021-09-20T00:00:00,1706738730620,/members/en/randall-garrison(71995)
104806,,Marie-Hélène,Gaudreau,Laurentides—Labelle,Quebec,Bloc Québécois,2021-09-20T00:00:00,1706738730620,/members/en/marie-helene-gaudreau(104806)
87121,,Leah,Gazan,Winnipeg Centre,Manitoba,NDP,2021-09-20T00:00:00,1706738730620,/members/en/leah-gazan(87121)
63908,,Bernard,Généreux,Montmagny—L'Islet—Kamouraska—Rivière-du-Loup,Quebec,Conservative,2021-09-20T00:00:00,1706738730620,/members/en/bernard-genereux(63908)
89226,,Garnett,Genuis,Sherwood Park—Fort Saskatchewan,Alberta,Conservative,2021-09-20T00:00:00,1706738730620,/members/en/garnett-genuis(89226)
88802,,Mark,Gerretsen,Kingston and the Islands,Ontario,Liberal,2021-09-20T00:00:00,1706738730620,/members/en/mark-gerretsen(88802)
88538,,Marilène,Gill,Manicouagan,Quebec,Bloc Québécois,2021-09-20T00:00:00,1706738730620,/members/en/marilene-gill(88538)
88938,,Marilyn,Gladu,Sarnia—Lambton,Ontario,Conservative,2021-09-20T00:00:00,1706738730620,/members/en/marilyn-gladu(88938)
89407,,Joël,Godin,Portneuf—Jacques-Cartier,Quebec,Conservative,2021-09-20T00:00:00,1706738730620,/members/en/joel-godin(89407)
110918,,Laila,Goodridge,Fort McMurray—Cold Lake,Alberta,Conservative,2021-09-20T00:00:00,1706738730620,/members/en/laila-goodridge(110918)
88715,Hon.,Karina,Gould,Burlington,Ontario,Liberal,2021-09-20T00:00:00,1706738730620,/members/en/karina-gould(88715)
35397,,Jacques,Gourde,Lévis—Lotbinière,Quebec,Conservative,2021-09-20T00:00:00,1706738730620,/members/en/jacques-gourde(35397)
105802,,Tracy,Gray,Kelowna—Lake Country,British Columbia,Conservative,2021-09-20T00:00:00,1706738730620,/members/en/tracy-gray(105802)
93023,,Matthew,Green,Hamilton Centre,Ontario,NDP,2021-09-20T00:00:00,1706738730620,/members/en/matthew-green(93023)
14171,Hon.,Steven,Guilbeault,Laurier—Sainte-Marie,Quebec,Liberal,2021-09-20T00:00:00,1706738730620,/members/en/steven-guilbeault(14171)
88984,Hon.,Patty,Hajdu,Thunder Bay—Superior North,Ontario,Liberal,2021-09-20T00:00:00,1706738730620,/members/en/patty-hajdu(88984)
105630,,Jasraj Singh,Hallan,Calgary Forest Lawn,Alberta,Conservative,2021-09-20T00:00:00,1706738730620,/members/en/jasraj-singh-hallan(105630)
111109,,Brendan,Hanley,Yukon,Yukon,Liberal,2021-09-20T00:00:00,1706738730620,/members/en/brendan-hanley(111109)
89274,,Ken,Hardie,Fleetwood—Port Kells,British Columbia,Liberal,2021-09-20T00:00:00,1706738730620,/members/en/ken-hardie(89274)
110446,,Lisa,Hepfner,Hamilton Mountain,Ontario,Liberal,2021-09-20T00:00:00,1706738730620,/members/en/lisa-hepfner(110446)
59148,,Randy,Hoback,Prince Albert,Saskatchewan,Conservative,2021-09-20T00:00:00,1706738730620,/members/en/randy-hoback(59148)
25508,Hon.,Mark,Holland,Ajax,Ontario,Liberal,2021-09-20T00:00:00,1706738730620,/members/en/mark-holland(25508)
88558,,Anthony,Housefather,Mount Royal,Quebec,Liberal,2021-09-20T00:00:00,1706738730620,/members/en/anthony-housefather(88558)
31289,,Carol,Hughes,Algoma—Manitoulin—Kapuskasing,Ontario,NDP,2021-09-20T00:00:00,1706738730620,/members/en/carol-hughes(31289)
89020,Hon.,Ahmed,Hussen,York South—Weston,Ontario,Liberal,2021-09-20T00:00:00,1706738730620,/members/en/ahmed-hussen(89020)
88292,Hon.,Gudie,Hutchings,Long Range Mountains,Newfoundland and Labrador,Liberal,2021-09-20T00:00:00,1706738730620,/members/en/gudie-hutchings(88292)
71337,,Angelo,Iacono,Alfred-Pellan,Quebec,Liberal,2021-09-20T00:00:00,1706738730620,/members/en/angelo-iacono(71337)
111116,,Lori,Idlout,Nunavut,Nunavut,NDP,2021-09-20T00:00:00,1706738730620,/members/en/lori-idlout(111116)
107097,Hon.,Marci,Ien,Toronto Centre,Ontario,Liberal,2021-09-20T00:00:00,1706738730620,/members/en/marci-ien(107097)
105229,Hon.,Helena,Jaczek,Markham—Stouffville,Ontario,Liberal,2021-09-20T00:00:00,1706738730620,/members/en/helena-jaczek(105229)
89167,,Matt,Jeneroux,Edmonton Riverbend,Alberta,Conservative,2021-09-20T00:00:00,1706738730620,/members/en/matt-jeneroux(89167)
89263,,Gord,Johns,Courtenay—Alberni,British Columbia,NDP,2021-09-20T00:00:00,1706738730620,/members/en/gord-johns(89263)
88384,Hon.,Mélanie,Joly,Ahuntsic-Cartierville,Quebec,Liberal,2021-09-20T00:00:00,1706738730620,/members/en/melanie-joly(88384)
13218,,Yvonne,Jones,Labrador,Newfoundland and Labrador,Liberal,2021-09-20T00:00:00,1706738730620,/members/en/yvonne-jones(13218)
88929,,Majid,Jowhari,Richmond Hill,Ontario,Liberal,2021-09-20T00:00:00,1706738730620,/members/en/majid-jowhari(88929)
16399,,Peter,Julian,New Westminster—Burnaby,British Columbia,NDP,2021-09-20T00:00:00,1706738730620,/members/en/peter-julian(16399)
110502,,Arielle,Kayabaga,London West,Ontario,Liberal,2021-09-20T00:00:00,1706738730620,/members/en/arielle-kayabaga(110502)
104531,,Mike,Kelloway,Cape Breton—Canso,Nova Scotia,Liberal,2021-09-20T00:00:00,1706738730620,/members/en/mike-kelloway(104531)
89130,,Pat,Kelly,Calgary Rocky Ridge,Alberta,Conservative,2021-09-20T00:00:00,1706738730620,/members/en/pat-kelly(89130)
88849,,Iqra,Khalid,Mississauga—Erin Mills,Ontario,Liberal,2021-09-20T00:00:00,1706738730620,/members/en/iqra-khalid(88849)
105052,,Arpan,Khanna,Oxford,Ontario,Conservative,2023-06-19T00:00:00,1706738730620,/members/en/arpan-khanna(105052)
88705,Hon.,Kamal,Khera,Brampton West,Ontario,Liberal,2021-09-20T00:00:00,1706738730620,/members/en/kamal-khera(88705)
89095,,Robert,Kitchen,Souris—Moose Mountain,Saskatchewan,Conservative,2021-09-20T00:00:00,1706738730620,/members/en/robert-kitchen(89095)
89136,,Tom,Kmiec,Calgary Shepard,Alberta,Conservative,2021-09-20T00:00:00,1706738730620,/members/en/tom-kmiec(89136)
105009,,Annie,Koutrakis,Vimy,Quebec,Liberal,2021-09-20T00:00:00,1706738730620,/members/en/annie-koutrakis(105009)
89080,,Michael,Kram,Regina—Wascana,Saskatchewan,Conservative,2021-09-20T00:00:00,1706738730620,/members/en/michael-kram(89080)
110454,,Shelby,Kramp-Neuman,Hastings—Lennox and Addington,Ontario,Conservative,2021-09-20T00:00:00,1706738730620,/members/en/shelby-kramp-neuman(110454)
105614,,Damien,Kurek,Battle River—Crowfoot,Alberta,Conservative,2021-09-20T00:00:00,1706738730620,/members/en/damien-c-kurek(105614)
96367,,Stephanie,Kusie,Calgary Midnapore,Alberta,Conservative,2021-09-20T00:00:00,1706738730620,/members/en/stephanie-kusie(96367)
71820,,Irek,Kusmierczyk,Windsor—Tecumseh,Ontario,Liberal,2021-09-20T00:00:00,1706738730620,/members/en/irek-kusmierczyk(71820)
89346,,Jenny,Kwan,Vancouver East,British Columbia,NDP,2021-09-20T00:00:00,1706738730620,/members/en/jenny-kwan(89346)
35857,Hon.,Mike,Lake,Edmonton—Wetaskiwin,Alberta,Conservative,2021-09-20T00:00:00,1706738730620,/members/en/mike-lake(35857)
92209,,Marie-France,Lalonde,Orléans,Ontario,Liberal,2021-09-20T00:00:00,1706738730620,/members/en/marie-france-lalonde(92209)
96350,,Emmanuella,Lambropoulos,Saint-Laurent,Quebec,Liberal,2021-09-20T00:00:00,1706738730620,/members/en/emmanuella-lambropoulos(96350)
88501,Hon.,David,Lametti,LaSalle—Émard—Verdun,Quebec,Liberal,2021-09-20T00:00:00,1706738730620,/members/en/david-lametti(88501)
30552,,Kevin,Lamoureux,Winnipeg North,Manitoba,Liberal,2021-09-20T00:00:00,1706738730620,/members/en/kevin-lamoureux(30552)
110665,,Melissa,Lantsman,Thornhill,Ontario,Conservative,2021-09-20T00:00:00,1706738730620,/members/en/melissa-lantsman(110665)
110663,,Viviane,Lapointe,Sudbury,Ontario,Liberal,2021-09-20T00:00:00,1706738730620,/members/en/viviane-lapointe(110663)
104973,,Andréanne,Larouche,Shefford,Quebec,Bloc Québécois,2021-09-20T00:00:00,1706738730620,/members/en/andreanne-larouche(104973)
104957,,Patricia,Lattanzio,Saint-Léonard—Saint-Michel,Quebec,Liberal,2021-09-20T00:00:00,1706738730620,/members/en/patricia-lattanzio(104957)
88394,,Stéphane,Lauzon,Argenteuil—La Petite-Nation,Quebec,Liberal,2021-09-20T00:00:00,1706738730620,/members/en/stephane-lauzon(88394)
105291,,Philip,Lawrence,Northumberland—Peterborough South,Ontario,Conservative,2021-09-20T00:00:00,1706738730620,/members/en/philip-lawrence(105291)
1813,Hon.,Dominic,LeBlanc,Beauséjour,New Brunswick,Liberal,2021-09-20T00:00:00,1706738730620,/members/en/dominic-leblanc(1813)
88460,Hon.,Diane,Lebouthillier,Gaspésie—Les Îles-de-la-Madeleine,Quebec,Liberal,2021-09-20T00:00:00,1706738730620,/members/en/diane-lebouthillier(88460)
104653,,Richard,Lehoux,Beauce,Quebec,Conservative,2021-09-20T00:00:00,1706738730620,/members/en/richard-lehoux(104653)
104630,,Sébastien,Lemire,Abitibi—Témiscamingue,Quebec,Bloc Québécois,2021-09-20T00:00:00,1706738730620,/members/en/sebastien-lemire(104630)
108395,,Branden,Leslie,Portage—Lisgar,Manitoba,Conservative,2023-06-19T00:00:00,1706738730620,/members/en/branden-leslie(108395)
105120,,Chris,Lewis,Essex,Ontario,Conservative,2021-09-20T00:00:00,1706738730620,/members/en/chris-lewis(105120)
88958,,Leslyn,Lewis,Haldimand—Norfolk,Ontario,Conservative,2021-09-20T00:00:00,1706738730620,/members/en/leslyn-lewis(88958)
89139,,Ron,Liepert,Calgary Signal Hill,Alberta,Conservative,2021-09-20T00:00:00,1706738730620,/members/en/ron-liepert(89139)
88532,,Joël,Lightbound,Louis-Hébert,Quebec,Liberal,2021-09-20T00:00:00,1706738730620,/members/en/joel-lightbound(88532)
98079,,Dane,Lloyd,Sturgeon River—Parkland,Alberta,Conservative,2021-09-20T00:00:00,1706738730620,/members/en/dane-lloyd(98079)
35600,,Ben,Lobb,Huron—Bruce,Ontario,Conservative,2021-09-20T00:00:00,1706738730620,/members/en/ben-lobb(35600)
88368,,Wayne,Long,Saint John—Rothesay,New Brunswick,Liberal,2021-09-20T00:00:00,1706738730620,/members/en/wayne-long(88368)
88761,,Lloyd,Longfield,Guelph,Ontario,Liberal,2021-09-20T00:00:00,1706738730620,/members/en/lloyd-longfield(88761)
88810,,Tim,Louis,Kitchener—Conestoga,Ontario,Liberal,2021-09-20T00:00:00,1706738730620,/members/en/tim-louis(88810)
33,Hon.,Lawrence,MacAulay,Cardigan,Prince Edward Island,Liberal,2021-09-20T00:00:00,1706738730620,/members/en/lawrence-macaulay(33)
109891,,Heath,MacDonald,Malpeque,Prince Edward Island,Liberal,2021-09-20T00:00:00,1706738730620,/members/en/heath-macdonald(109891)
89269,,Alistair,MacGregor,Cowichan—Malahat—Langford,British Columbia,NDP,2021-09-20T00:00:00,1706738730620,/members/en/alistair-macgregor(89269)
88468,Hon.,Steven,MacKinnon,Gatineau,Quebec,Liberal,2021-09-20T00:00:00,1706738730620,/members/en/steven-mackinnon(88468)
7251,,Larry,Maguire,Brandon—Souris,Manitoba,Conservative,2021-09-20T00:00:00,1706738730620,/members/en/larry-maguire(7251)
116022,,Shuvaloy,Majumdar,Calgary Heritage,Alberta,Conservative,2023-07-24T00:00:00,1706738730620,/members/en/shuvaloy-majumdar(116022)
88748,,James,Maloney,Etobicoke—Lakeshore,Ontario,Liberal,2021-09-20T00:00:00,1706738730620,/members/en/james-maloney(88748)
100521,,Richard,Martel,Chicoutimi—Le Fjord,Quebec,Conservative,2021-09-20T00:00:00,1706738730620,/members/en/richard-martel(100521)
104756,Hon.,Soraya,Martinez Ferrada,Hochelaga,Quebec,Liberal,2021-09-20T00:00:00,1706738730620,/members/en/soraya-martinez-ferrada(104756)
9137,,Brian,Masse,Windsor West,Ontario,NDP,2021-09-20T00:00:00,1706738730620,/members/en/brian-masse(9137)
105221,,Lindsay,Mathyssen,London—Fanshawe,Ontario,NDP,2021-09-20T00:00:00,1706738730620,/members/en/lindsay-mathyssen(105221)
71599,,Bryan,May,Cambridge,Ontario,Liberal,2021-09-20T00:00:00,1706738730620,/members/en/bryan-may(71599)
2897,,Elizabeth,May,Saanich—Gulf Islands,British Columbia,Green Party,2021-09-20T00:00:00,1706738730620,/members/en/elizabeth-may(2897)
3306,,Dan,Mazier,Dauphin—Swan River—Neepawa,Manitoba,Conservative,2021-09-20T00:00:00,1706738730620,/members/en/dan-mazier(3306)
89179,,Kelly,McCauley,Edmonton West,Alberta,Conservative,2021-09-20T00:00:00,1706738730620,/members/en/kelly-mccauley(89179)
88283,,Ken,McDonald,Avalon,Newfoundland and Labrador,Liberal,2021-09-20T00:00:00,1706738730620,/members/en/ken-mcdonald(88283)
9486,Hon.,David,McGuinty,Ottawa South,Ontario,Liberal,2021-09-20T00:00:00,1706738730620,/members/en/david-j-mcguinty(9486)
957,Hon.,John,McKay,Scarborough—Guildwood,Ontario,Liberal,2021-09-20T00:00:00,1706738730620,/members/en/john-mckay(957)
59293,,Ron,McKinnon,Coquitlam—Port Coquitlam,British Columbia,Liberal,2021-09-20T00:00:00,1706738730620,/members/en/ron-mckinnon(59293)
105623,,Greg,McLean,Calgary Centre,Alberta,Conservative,2021-09-20T00:00:00,1706738730620,/members/en/greg-mclean(105623)
89374,,Michael,McLeod,Northwest Territories,Northwest Territories,Liberal,2021-09-20T00:00:00,1706738730620,/members/en/michael-v-mcleod(89374)
105689,,Heather,McPherson,Edmonton Strathcona,Alberta,NDP,2021-09-20T00:00:00,1706738730620,/members/en/heather-mcpherson(105689)
105186,,Eric,Melillo,Kenora,Ontario,Conservative,2021-09-20T00:00:00,1706738730620,/members/en/eric-melillo(105186)
58621,,Alexandra,Mendès,Brossard—Saint-Lambert,Quebec,Liberal,2021-09-20T00:00:00,1706738730620,/members/en/alexandra-mendes(58621)
88738,Hon.,Marco,Mendicino,Eglinton—Lawrence,Ontario,Liberal,2021-09-20T00:00:00,1706738730620,/members/en/marco-mendicino(88738)
111048,,Wilson,Miao,Richmond Centre,British Columbia,Liberal,2021-09-20T00:00:00,1706738730620,/members/en/wilson-miao(111048)
104648,,Kristina,Michaud,Avignon—La Mitis—Matane—Matapédia,Quebec,Bloc Québécois,2021-09-20T00:00:00,1706738730620,/members/en/kristina-michaud(104648)
88660,Hon.,Marc,Miller,Ville-Marie—Le Sud-Ouest—Île-des-Soeurs,Quebec,Liberal,2021-09-20T00:00:00,1706738730620,/members/en/marc-miller(88660)
17210,Hon.,Rob,Moore,Fundy Royal,New Brunswick,Conservative,2021-09-20T00:00:00,1706738730620,/members/en/rob-moore(17210)
105511,,Marty,Morantz,Charleswood—St. James—Assiniboia—Headingley,Manitoba,Conservative,2021-09-20T00:00:00,1706738730620,/members/en/marty-morantz(105511)
110476,,Mike,Morrice,Kitchener Centre,Ontario,Green Party,2021-09-20T00:00:00,1706738730620,/members/en/mike-morrice(110476)
105807,,Rob,Morrison,Kootenay—Columbia,British Columbia,Conservative,2021-09-20T00:00:00,1706738730620,/members/en/rob-morrison(105807)
88308,,Robert,Morrissey,Egmont,Prince Edward Island,Liberal,2021-09-20T00:00:00,1706738730620,/members/en/robert-j-morrissey(88308)
94305,,Glen,Motz,Medicine Hat—Cardston—Warner,Alberta,Conservative,2021-09-20T00:00:00,1706738730620,/members/en/glen-motz(94305)
35950,Hon.,Joyce,Murray,Vancouver Quadra,British Columbia,Liberal,2021-09-20T00:00:00,1706738730620,/members/en/joyce-murray(35950)
110415,,Dan,Muys,Flamborough—Glanbrook,Ontario,Conservative,2021-09-20T00:00:00,1706738730620,/members/en/dan-muys(110415)
110572,,Yasir,Naqvi,Ottawa Centre,Ontario,Liberal,2021-09-20T00:00:00,1706738730620,/members/en/yasir-naqvi(110572)
88917,,John,Nater,Perth—Wellington,Ontario,Conservative,2021-09-20T00:00:00,1706738730620,/members/en/john-nater(88917)
96352,Hon.,Mary,Ng,Markham—Thornhill,Ontario,Liberal,2021-09-20T00:00:00,1706738730620,/members/en/mary-ng(96352)
72023,,Taleeb,Noormohamed,Vancouver Granville,British Columbia,Liberal,2021-09-20T00:00:00,1706738730620,/members/en/taleeb-noormohamed(72023)
104947,,Christine,Normandin,Saint-Jean,Quebec,Bloc Québécois,2021-09-20T00:00:00,1706738730620,/members/en/christine-normandin(104947)
88925,,Jennifer,O'Connell,Pickering—Uxbridge,Ontario,Liberal,2021-09-20T00:00:00,1706738730620,/members/en/jennifer-oconnell(88925)
58858,Hon.,Robert,Oliphant,Don Valley West,Ontario,Liberal,2021-09-20T00:00:00,1706738730620,/members/en/robert-oliphant(58858)
88299,Hon.,Seamus,O'Regan,St. John's South—Mount Pearl,Newfoundland and Labrador,Liberal,2021-09-20T00:00:00,1706738730620,/members/en/seamus-oregan(88299)
105559,,Jeremy,Patzer,Cypress Hills—Grasslands,Saskatchewan,Conservative,2021-09-20T00:00:00,1706738730620,/members/en/jeremy-patzer(105559)
71454,,Pierre,Paul-Hus,Charlesbourg—Haute-Saint-Charles,Quebec,Conservative,2021-09-20T00:00:00,1706738730620,/members/en/pierre-paul-hus(71454)
88595,,Monique,Pauzé,Repentigny,Quebec,Bloc Québécois,2021-09-20T00:00:00,1706738730620,/members/en/monique-pauze(88595)
109922,,Rick,Perkins,South Shore—St. Margarets,Nova Scotia,Conservative,2021-09-20T00:00:00,1706738730620,/members/en/rick-perkins(109922)
88418,,Yves,Perron,Berthier—Maskinongé,Quebec,Bloc Québécois,2021-09-20T00:00:00,1706738730620,/members/en/yves-perron(88418)
88364,Hon.,Ginette,Petitpas Taylor,Moncton—Riverview—Dieppe,New Brunswick,Liberal,2021-09-20T00:00:00,1706738730620,/members/en/ginette-petitpas-taylor(88364)
413,,Louis,Plamondon,Bécancour—Nicolet—Saurel,Quebec,Bloc Québécois,2021-09-20T00:00:00,1706738730620,/members/en/louis-plamondon(413)
25524,Hon.,Pierre,Poilievre,Carleton,Ontario,Conservative,2021-09-20T00:00:00,1706738730620,/members/en/pierre-poilievre(25524)
105437,,Marcus,Powlowski,Thunder Bay—Rainy River,Ontario,Liberal,2021-09-20T00:00:00,1706738730620,/members/en/marcus-powlowski(105437)
89272,Hon.,Carla,Qualtrough,Delta,British Columbia,Liberal,2021-09-20T00:00:00,1706738730620,/members/en/carla-qualtrough(89272)
88600,,Alain,Rayes,Richmond—Arthabaska,Quebec,Independent,2021-09-20T00:00:00,1706738730620,/members/en/alain-rayes(88600)
105598,,Brad,Redekopp,Saskatoon West,Saskatchewan,Conservative,2021-09-20T00:00:00,1706738730620,/members/en/brad-redekopp(105598)
1827,,Scott,Reid,Lanark—Frontenac—Kingston,Ontario,Conservative,2021-09-20T00:00:00,1706738730620,/members/en/scott-reid(1827)
71902,Hon.,Michelle,Rempel Garner,Calgary Nose Hill,Alberta,Conservative,2021-09-20T00:00:00,1706738730620,/members/en/michelle-rempel-garner(71902)
59235,,Blake,Richards,Banff—Airdrie,Alberta,Conservative,2021-09-20T00:00:00,1706738730620,/members/en/blake-richards(59235)
105191,,Anna,Roberts,King—Vaughan,Ontario,Conservative,2021-09-20T00:00:00,1706738730620,/members/en/anna-roberts(105191)
88617,,Yves,Robillard,Marc-Aurèle-Fortin,Quebec,Liberal,2021-09-20T00:00:00,1706738730620,/members/en/yves-robillard(88617)
25451,Hon.,Pablo,Rodriguez,Honoré-Mercier,Quebec,Liberal,2021-09-20T00:00:00,1706738730620,/members/en/pablo-rodriguez(25451)
98744,,Churence,Rogers,Bonavista—Burin—Trinity,Newfoundland and Labrador,Liberal,2021-09-20T00:00:00,1706738730620,/members/en/churence-rogers(98744)
88521,,Sherry,Romanado,Longueuil—Charles-LeMoyne,Quebec,Liberal,2021-09-20T00:00:00,1706738730620,/members/en/sherry-romanado(88521)
105210,,Lianne,Rood,Lambton—Kent—Middlesex,Ontario,Conservative,2021-09-20T00:00:00,1706738730620,/members/en/lianne-rood(105210)
25452,,Anthony,Rota,Nipissing—Timiskaming,Ontario,Liberal,2021-09-20T00:00:00,1706738730620,/members/en/anthony-rota(25452)
105070,,Alex,Ruff,Bruce—Grey—Owen Sound,Ontario,Conservative,2021-09-20T00:00:00,1706738730620,/members/en/alex-ruff(105070)
88698,Hon.,Ruby,Sahota,Brampton North,Ontario,Liberal,2021-09-20T00:00:00,1706738730620,/members/en/ruby-sahota(88698)
89497,Hon.,Harjit S.,Sajjan,Vancouver South,British Columbia,Liberal,2021-09-20T00:00:00,1706738730620,/members/en/harjit-s-sajjan(89497)
107099,Hon.,Ya'ara,Saks,York Centre,Ontario,Liberal,2021-09-20T00:00:00,1706738730620,/members/en/yaara-saks(107099)
88333,,Darrell,Samson,Sackville—Preston—Chezzetcook,Nova Scotia,Liberal,2021-09-20T00:00:00,1706738730620,/members/en/darrell-samson(88333)
89339,,Randeep,Sarai,Surrey Centre,British Columbia,Liberal,2021-09-20T00:00:00,1706738730620,/members/en/randeep-sarai(89339)
104944,,Simon-Pierre,Savard-Tremblay,Saint-Hyacinthe—Bagot,Quebec,Bloc Québécois,2021-09-20T00:00:00,1706738730620,/members/en/simon-pierre-savard-tremblay(104944)
25453,,Francis,Scarpaleggia,Lac-Saint-Louis,Quebec,Liberal,2021-09-20T00:00:00,1706738730620,/members/en/francis-scarpaleggia(25453)
25454,Hon.,Andrew,Scheer,Regina—Qu'Appelle,Saskatchewan,Conservative,2021-09-20T00:00:00,1706738730620,/members/en/andrew-scheer(25454)
88649,,Peter,Schiefke,Vaudreuil—Soulanges,Quebec,Liberal,2021-09-20T00:00:00,1706738730620,/members/en/peter-schiefke(88649)
88770,,Jamie,Schmale,Haliburton—Kawartha Lakes—Brock,Ontario,Conservative,2021-09-20T00:00:00,1706738730620,/members/en/jamie-schmale(88770)
58841,,Kyle,Seeback,Dufferin—Caledon,Ontario,Conservative,2021-09-20T00:00:00,1706738730620,/members/en/kyle-seeback(58841)
88874,,Marc,Serré,Nickel Belt,Ontario,Liberal,2021-09-20T00:00:00,1706738730620,/members/en/marc-g-serre(88874)
1787,Hon.,Judy A.,Sgro,Humber River—Black Creek,Ontario,Liberal,2021-09-20T00:00:00,1706738730620,/members/en/judy-a-sgro(1787)
88442,,Brenda,Shanahan,Châteauguay—Lacolle,Quebec,Liberal,2021-09-20T00:00:00,1706738730620,/members/en/brenda-shanahan(88442)
88944,,Terry,Sheehan,Sault Ste. Marie,Ontario,Liberal,2021-09-20T00:00:00,1706738730620,/members/en/terry-sheehan(88944)
89109,,Martin,Shields,Bow River,Alberta,Conservative,2021-09-20T00:00:00,1706738730620,/members/en/martin-shields(89109)
105031,,Doug,Shipley,Barrie—Springwater—Oro-Medonte,Ontario,Conservative,2021-09-20T00:00:00,1706738730620,/members/en/doug-shipley(105031)
105045,,Maninder,Sidhu,Brampton East,Ontario,Liberal,2021-09-20T00:00:00,1706738730620,/members/en/maninder-sidhu(105045)
88703,,Sonia,Sidhu,Brampton South,Ontario,Liberal,2021-09-20T00:00:00,1706738730620,/members/en/sonia-sidhu(88703)
104773,,Mario,Simard,Jonquière,Quebec,Bloc Québécois,2021-09-20T00:00:00,1706738730620,/members/en/mario-simard(104773)
110300,,Nathalie,Sinclair-Desgagné,Terrebonne,Quebec,Bloc Québécois,2021-09-20T00:00:00,1706738730620,/members/en/nathalie-sinclair-desgagne(110300)
71588,,Jagmeet,Singh,Burnaby South,British Columbia,NDP,2021-09-20T00:00:00,1706738730620,/members/en/jagmeet-singh(71588)
109867,,Clifford,Small,Coast of Bays—Central—Notre Dame,Newfoundland and Labrador,Conservative,2021-09-20T00:00:00,1706738730620,/members/en/clifford-small(109867)
88999,,Francesco,Sorbara,Vaughan—Woodbridge,Ontario,Liberal,2021-09-20T00:00:00,1706738730620,/members/en/francesco-sorbara(88999)
105751,,Gerald,Soroka,Yellowhead,Alberta,Conservative,2021-09-20T00:00:00,1706738730620,/members/en/gerald-soroka(105751)
114349,,Charles,Sousa,Mississauga—Lakeshore,Ontario,Liberal,2022-12-12T00:00:00,1706738730620,/members/en/charles-sousa(114349)
105581,,Warren,Steinley,Regina—Lewvan,Saskatchewan,Conservative,2021-09-20T00:00:00,1706738730620,/members/en/warren-steinley(105581)
88485,,Gabriel,Ste-Marie,Joliette,Quebec,Bloc Québécois,2021-09-20T00:00:00,1706738730620,/members/en/gabriel-ste-marie(88485)
109951,,Jake,Stewart,Miramichi—Grand Lake,New Brunswick,Conservative,2021-09-20T00:00:00,1706738730620,/members/en/jake-stewart(109951)
110044,Hon.,Pascale,St-Onge,Brome—Missisquoi,Quebec,Liberal,2021-09-20T00:00:00,1706738730620,/members/en/pascale-st-onge(110044)
71986,,Mark,Strahl,Chilliwack—Hope,British Columbia,Conservative,2021-09-20T00:00:00,1706738730620,/members/en/mark-strahl(71986)
89198,,Shannon,Stubbs,Lakeland,Alberta,Conservative,2021-09-20T00:00:00,1706738730620,/members/en/shannon-stubbs(89198)
110459,Hon.,Jenna,Sudds,Kanata—Carleton,Ontario,Liberal,2021-09-20T00:00:00,1706738730620,/members/en/jenna-sudds(110459)
88784,Hon.,Filomena,Tassi,Hamilton West—Ancaster—Dundas,Ontario,Liberal,2021-09-20T00:00:00,1706738730620,/members/en/filomena-tassi(88784)
105024,,Leah,Taylor Roy,Aurora—Oak Ridges—Richmond Hill,Ontario,Liberal,2021-09-20T00:00:00,1706738730620,/members/en/leah-taylor-roy(105024)
88552,,Luc,Thériault,Montcalm,Quebec,Bloc Québécois,2021-09-20T00:00:00,1706738730620,/members/en/luc-theriault(88552)
104783,,Alain,Therrien,La Prairie,Quebec,Bloc Québécois,2021-09-20T00:00:00,1706738730620,/members/en/alain-therrien(104783)
89200,,Rachael,Thomas,Lethbridge,Alberta,Conservative,2021-09-20T00:00:00,1706738730620,/members/en/rachael-thomas(89200)
109877,,Joanne,Thompson,St. John's East,Newfoundland and Labrador,Liberal,2021-09-20T00:00:00,1706738730620,/members/en/joanne-thompson(109877)
84882,,Corey,Tochor,Saskatoon—University,Saskatchewan,Conservative,2021-09-20T00:00:00,1706738730620,/members/en/corey-tochor(84882)
110800,,Fraser,Tolmie,Moose Jaw—Lake Centre—Lanigan,Saskatchewan,Conservative,2021-09-20T00:00:00,1706738730620,/members/en/fraser-tolmie(110800)
58733,Right Hon.,Justin,Trudeau,Papineau,Quebec,Liberal,2021-09-20T00:00:00,1706738730620,/members/en/justin-trudeau(58733)
88530,,Denis,Trudel,Longueuil—Saint-Hubert,Quebec,Bloc Québécois,2021-09-20T00:00:00,1706738730620,/members/en/denis-trudel(88530)
105480,,Ryan,Turnbull,Whitby,Ontario,Liberal,2021-09-20T00:00:00,1706738730620,/members/en/ryan-turnbull(105480)
30645,Hon.,Tim,Uppal,Edmonton Mill Woods,Alberta,Conservative,2021-09-20T00:00:00,1706738730620,/members/en/tim-uppal(30645)
110538,Hon.,Rechie,Valdez,Mississauga—Streetsville,Ontario,Liberal,2021-09-20T00:00:00,1706738730620,/members/en/rechie-valdez(110538)
105270,,Tony,Van Bynen,Newmarket—Aurora,Ontario,Liberal,2021-09-20T00:00:00,1706738730620,/members/en/tony-van-bynen(105270)
105242,,Adam,van Koeverden,Milton,Ontario,Liberal,2021-09-20T00:00:00,1706738730620,/members/en/adam-van-koeverden(105242)
105811,,Tako,Van Popta,Langley—Aldergrove,British Columbia,Conservative,2021-09-20T00:00:00,1706738730620,/members/en/tako-van-popta(105811)
89045,Hon.,Dan,Vandal,Saint Boniface—Saint Vital,Manitoba,Liberal,2021-09-20T00:00:00,1706738730620,/members/en/dan-vandal(89045)
71738,,Anita,Vandenbeld,Ottawa West—Nepean,Ontario,Liberal,2021-09-20T00:00:00,1706738730620,/members/en/anita-vandenbeld(71738)
88742,,Karen,Vecchio,Elgin—Middlesex—London,Ontario,Conservative,2021-09-20T00:00:00,1706738730620,/members/en/karen-vecchio(88742)
105562,,Gary,Vidal,Desnethé—Missinippi—Churchill River,Saskatchewan,Conservative,2021-09-20T00:00:00,1706738730620,/members/en/gary-vidal(105562)
110009,,Dominique,Vien,Bellechasse—Les Etchemins—Lévis,Quebec,Conservative,2021-09-20T00:00:00,1706738730620,/members/en/dominique-vien(110009)
89211,,Arnold,Viersen,Peace River—Westlock,Alberta,Conservative,2021-09-20T00:00:00,1706738730620,/members/en/arnold-viersen(89211)
104656,,Julie,Vignola,Beauport—Limoilou,Quebec,Bloc Québécois,2021-09-20T00:00:00,1706738730620,/members/en/julie-vignola(104656)
110306,,René,Villemure,Trois-Rivières,Quebec,Bloc Québécois,2021-09-20T00:00:00,1706738730620,/members/en/rene-villemure(110306)
88910,Hon.,Arif,Virani,Parkdale—High Park,Ontario,Liberal,2021-09-20T00:00:00,1706738730620,/members/en/arif-virani(88910)
89289,,Brad,Vis,Mission—Matsqui—Fraser Canyon,British Columbia,Conservative,2021-09-20T00:00:00,1706738730620,/members/en/brad-vis(89289)
110654,,Kevin,Vuong,Spadina—Fort York,Ontario,Independent,2021-09-20T00:00:00,1706738730620,/members/en/kevin-vuong(110654)
89098,,Cathay,Wagantall,Yorkton—Melville,Saskatchewan,Conservative,2021-09-20T00:00:00,1706738730620,/members/en/cathay-wagantall(89098)
35886,,Chris,Warkentin,Grande Prairie—Mackenzie,Alberta,Conservative,2021-09-20T00:00:00,1706738730620,/members/en/chris-warkentin(35886)
89084,,Kevin,Waugh,Saskatoon—Grasswood,Saskatchewan,Conservative,2021-09-20T00:00:00,1706738730620,/members/en/kevin-waugh(89084)
89116,,Len,Webber,Calgary Confederation,Alberta,Conservative,2021-09-20T00:00:00,1706738730620,/members/en/len-webber(89116)
105918,,Patrick,Weiler,West Vancouver—Sunshine Coast—Sea to Sky Country,British Columbia,Liberal,2021-09-20T00:00:00,1706738730620,/members/en/patrick-weiler(105918)
89300,Hon.,Jonathan,Wilkinson,North Vancouver,British Columbia,Liberal,2021-09-20T00:00:00,1706738730620,/members/en/jonathan-wilkinson(89300)
110330,,Ryan,Williams,Bay of Quinte,Ontario,Conservative,2021-09-20T00:00:00,1706738730620,/members/en/ryan-williams(110330)
71323,,John,Williamson,New Brunswick Southwest,New Brunswick,Conservative,2021-09-20T00:00:00,1706738730620,/members/en/john-williamson(71323)
98747,,Jean,Yip,Scarborough—Agincourt,Ontario,Liberal,2021-09-20T00:00:00,1706738730620,/members/en/jean-yip(98747)
88950,,Salma,Zahid,Scarborough Centre,Ontario,Liberal,2021-09-20T00:00:00,1706738730620,/members/en/salma-zahid(88950)
105837,,Bonita,Zarrillo,Port Moody—Coquitlam,British Columbia,NDP,2021-09-20T00:00:00,1706738730620,/members/en/bonita-zarrillo(105837)
72035,,Bob,Zimmer,Prince George—Peace River—Northern Rockies,British Columbia,Conservative,2021-09-20T00:00:00,1706738730620,/members/en/bob-zimmer(72035)
54157,,Sameer,Zuberi,Pierrefonds—Dollard,Quebec,Liberal,2021-09-20T00:00:00,1706738730620,/members/en/sameer-zuberi(54157)
