member_id,time_retrieved,office_type,office_title,office_address,office_city,office_province_territory,office_postal_code,office_note,office_phone,office_fax,office_email,office_toll_free,office_tty,source_url
104,1709323701131,Legislative office,,"Room 449/450
Main Legislative Building, Queen's Park",Toronto,Ontario,M7A 1A5,, 416-326-7221,,aclancy-qp@ola.org,,,https://www.ola.org/sites/default/files/node-files/office_csvs/offices-all.csv
104,1709323701131,Constituency office,,"Suite 500
151 Frederick St.",Kitchener,Ontario,N2H 2M2,,519-579-5460  ,519-579-2121  ,AClancy-CO@ola.org,,,https://www.ola.org/sites/default/files/node-files/office_csvs/offices-all.csv
7624,1709323701131,Constituency office,,630 Main St. E,Hamilton,Ontario,L8M 1J7,,905-544-9644  ,905-544-5152  ,SJama-CO@ola.org,,,https://www.ola.org/sites/default/files/node-files/office_csvs/offices-all.csv
7624,1709323701131,Legislative office,,"Room 472
111 Wellesley St. W",Toronto,Ontario,M7A 1A8,,416-325-3043,416-325-3046,SJama-QP@ola.org,,,https://www.ola.org/sites/default/files/node-files/office_csvs/offices-all.csv
7593,1709323701131,Legislative office,,"Room 157
Main Legislative Building, Queen's Park",Toronto,Ontario,M7A 1A5,,416-325-0105,,,,,https://www.ola.org/sites/default/files/node-files/office_csvs/offices-all.csv
7593,1709323701131,Constituency office,,"Suite L02
1200 Lawrence Ave. E",Toronto,Ontario,M3A 1C1,,416-494-6856,416-494-9937,ashamji.mpp.co@liberal.ola.org,,,https://www.ola.org/sites/default/files/node-files/office_csvs/offices-all.csv
7584,1709323701131,Ministry office,,"Ministry of Education
5th Floor
438 University Ave.",Toronto,Ontario,M7A 2A5,,,,,,,https://www.ola.org/sites/default/files/node-files/office_csvs/offices-all.csv
7584,1709323701131,Constituency office,,"Suite 502
230 Westney Rd. S",Ajax,Ontario,L1S 7J5,,905-427-2060,905-427-6976,,,,https://www.ola.org/sites/default/files/node-files/office_csvs/offices-all.csv
7565,1709323701131,Constituency office,,237 Montreal Rd.,Vanier,Ontario,K1L 6C7,,613-744-4484,613-744-0889,LCollard.mpp.co@liberal.ola.org,,,https://www.ola.org/sites/default/files/node-files/office_csvs/offices-all.csv
7565,1709323701131,Legislative office,,"Room 165
Main Legislative Building, Queen's Park",Toronto,Ontario,M7A 1A5,,416-325-0007,416-325-0172,,,,https://www.ola.org/sites/default/files/node-files/office_csvs/offices-all.csv
7564,1709323701131,Constituency office,,"Unit 204
4473 Innes Rd.",Orleans,Ontario,K4A 1A7,,613-834-8679,613-834-7647,sblais.mpp.co@liberal.ola.org,,,https://www.ola.org/sites/default/files/node-files/office_csvs/offices-all.csv
7564,1709323701131,Legislative office,,"Room 167
Main Legislative Building, Queen's Park",Toronto,Ontario,M7A 1A5,,416-325-0035,,,,,https://www.ola.org/sites/default/files/node-files/office_csvs/offices-all.csv
NaN,1709323701131,Constituency office,,"Suite 500
151 Frederick St.",Kitchener,Ontario,N2H 2M2,,519-579-5460  ,519-579-2121  ,AClancy-CO@ola.org,,,https://www.ola.org/sites/default/files/node-files/office_csvs/offices-all.csv
7479,1709323701131,Ministry office,,"Ministry of Education
5th Floor
438 University Ave.",Toronto,Ontario,M7A 2A5,,416-325-2600,,,,,https://www.ola.org/sites/default/files/node-files/office_csvs/offices-all.csv
7479,1709323701131,Constituency office,,"Unit 1
2220 King Rd.",King City,Ontario,L7B 1L3,,647-560-9700  ,647-560-9701 ,,,,https://www.ola.org/sites/default/files/node-files/office_csvs/offices-all.csv
7489,1709323701131,Legislative office,,"Room 429/430
Main Legislative Building, Queen's Park",Toronto,Ontario,M7A 1A5,,,,,,,https://www.ola.org/sites/default/files/node-files/office_csvs/offices-all.csv
7489,1709323701131,Constituency office,,"Unit 701
50 Burnhamthorpe Road W.",Mississauga,Ontario,L5B 3C3,,905-890-1901,,natalia.kusendovaco@pc.ola.org,,,https://www.ola.org/sites/default/files/node-files/office_csvs/offices-all.csv
7601,1709323701131,Ministry office,,"Ministry of Natural Resources and Forestry
Whitney Block
Room 5501
99 Wellesley St. W",Toronto,Ontario,M7A 1W3,,,,,,,https://www.ola.org/sites/default/files/node-files/office_csvs/offices-all.csv
7601,1709323701131,Constituency office,,"26A St. Lawrence St. W
P.O. Box 70",Madoc,Ontario,K0K 2K0,,613-473-1112,613-473-1397,,855-229-6676  ,,https://www.ola.org/sites/default/files/node-files/office_csvs/offices-all.csv
7601,1709323701131,Constituency office,,113 East St.,Napanee,Ontario,K8R 1S5,,613-354-3031,613-308-9685  ,,,,https://www.ola.org/sites/default/files/node-files/office_csvs/offices-all.csv
7448,1709323701131,Ministry office,,"Ministry of Environment, Conservation and Parks
5th Floor
777 Bay St.",Toronto,Ontario,M7A 2J3,,416-314-6790,,,,,https://www.ola.org/sites/default/files/node-files/office_csvs/offices-all.csv
7448,1709323701131,Constituency office,,"Unit 1
237 Mapleview Dr. E",Barrie,Ontario,L4N 0W5,,705-722-0575  ,705-722-8835,andrea.khanjin@pc.ola.org,,,https://www.ola.org/sites/default/files/node-files/office_csvs/offices-all.csv
7483,1709323701131,Constituency office,,"Unit 105
400 York St.",London,Ontario,N6B 3N2,,519-432-7339,519-432-0613  ,TKernaghan-CO@ndp.on.ca,,,https://www.ola.org/sites/default/files/node-files/office_csvs/offices-all.csv
7483,1709323701131,Legislative office,,"Room 362
Main Legislative Building, Queen's Park",Toronto,Ontario,M7A 1A8,,416-326-7568  ,416-326-7580  ,TKernaghan-QP@ndp.on.ca,,,https://www.ola.org/sites/default/files/node-files/office_csvs/offices-all.csv
7592,1709323701131,Ministry office,,"Ministry of Agriculture, Food and Rural Affairs
11th Floor
77 Grenville St.",Toronto,Ontario,M7A 1B3,,416-326-6160,416-326-3119,,,,https://www.ola.org/sites/default/files/node-files/office_csvs/offices-all.csv
7592,1709323701131,Constituency office,,"Suite 100
111 Heritage Rd.",Chatham,Ontario,N7M 5W7,,519-351-0510   ,519-351-7714 ,,1-800-265-3992   ,,https://www.ola.org/sites/default/files/node-files/office_csvs/offices-all.csv
7592,1709323701131,Constituency office,,"Unit B
115 Erie St. N",Leamington,Ontario,N8H 3A3,,519-326-3367 ,519-326-0404   ,,,,https://www.ola.org/sites/default/files/node-files/office_csvs/offices-all.csv
7597,1709323701131,Ministry office,,"Ministry of Mines
Room 5501
5th Floor
99 Wellesley St. W",Toronto,Ontario,M7A 1W3,,,,,,,https://www.ola.org/sites/default/files/node-files/office_csvs/offices-all.csv
7597,1709323701131,Constituency office,,310 Thomas Rd.,Amherstburg,Ontario,N9V 2Y9,,519-736-1550,,,,,https://www.ola.org/sites/default/files/node-files/office_csvs/offices-all.csv
7596,1709323701131,Ministry office,,"Ministry of Municipal Affairs and Housing
17th Floor
777 Bay St.",Toronto,Ontario,M7A 2J3,,416-326-3072,,,,,https://www.ola.org/sites/default/files/node-files/office_csvs/offices-all.csv
7596,1709323701131,Constituency office,,"Suite 201
750 Talbot St.",St. Thomas,Ontario,N5P 1E2,,519-631-5995,519-631-9478,,1-800-265-7638,,https://www.ola.org/sites/default/files/node-files/office_csvs/offices-all.csv
7588,1709323701131,Ministry office,,"Ministry of Citizenship and Multiculturalism
14th Floor
56 Wellesley St.",Toronto,Ontario,M5S 3L6,,,,,,,https://www.ola.org/sites/default/files/node-files/office_csvs/offices-all.csv
7588,1709323701131,Constituency office,,"Unit 7
10215 Kennedy Rd. N",Brampton,Ontario,L6Z 0C5,,289-298-1049,905-495-1041,,,,https://www.ola.org/sites/default/files/node-files/office_csvs/offices-all.csv
2139,1709323701131,Ministry office,,"Ministry of Environment, Conservation and Parks
Whitney Block
Room 1304
99 Wellesley St. W",Toronto,Ontario,M7A 1S3,,416-314-6790,,,,,https://www.ola.org/sites/default/files/node-files/office_csvs/offices-all.csv
2139,1709323701131,Constituency office,,"The Victoria Center
Unit 6
84 Isabella St.",Pembroke,Ontario,K8A 5S5,,613-735-6627,613-735-6692,John.Yakabuskico@pc.ola.org,,,https://www.ola.org/sites/default/files/node-files/office_csvs/offices-all.csv
7523,1709323701131,Ministry office,,"Treasury Board Secretariat
Whitney Block
Room 4320
4th Floor
99 Wellesley St. W",Toronto,Ontario,M7A 1W3,,416-327-2333,,,,,https://www.ola.org/sites/default/files/node-files/office_csvs/offices-all.csv
7523,1709323701131,Ministry office,,"Ministry of Francophone Affairs
Suite 2501
700 Bay St.",Toronto,Ontario,M7A 0A2,,416-327-9200,,,,,https://www.ola.org/sites/default/files/node-files/office_csvs/offices-all.csv
7523,1709323701131,Constituency office,,"Unit 9
45 Grist Mill Rd.",Holland Landing,Ontario,L9N 1M7,,905-895-1555   ,905-895-0337 ,Caroline.Mulroneyco@pc.ola.org,,,https://www.ola.org/sites/default/files/node-files/office_csvs/offices-all.csv
7594,1709323701131,Constituency office,,"Suite 101
795 Eglinton Ave. E",Toronto,Ontario,M4G 4E4,,416-425-6777,416-425-0350,sbowman.mpp.co@liberal.ola.org,,,https://www.ola.org/sites/default/files/node-files/office_csvs/offices-all.csv
7594,1709323701131,Legislative office,,"Room 172
Main Legislative Building, Queen's Park",Toronto,Ontario,M7A 1A5,,416-325-0008,,,,,https://www.ola.org/sites/default/files/node-files/office_csvs/offices-all.csv
7616,1709323701131,Constituency office,,"Unit 401
120 Carlton St.",Toronto,Ontario,M5A 4K2,,416-972-7683,,KWong-Tam-CO@ndp.on.ca,,,https://www.ola.org/sites/default/files/node-files/office_csvs/offices-all.csv
7616,1709323701131,Legislative office,,"Room 471
Main Legislative Building, Queen's Park",Toronto,Ontario,M7A 1A5,,416-325-0031,,,,,https://www.ola.org/sites/default/files/node-files/office_csvs/offices-all.csv
7610,1709323701131,Ministry office,,"Ministry of the Attorney General
McMurtry-Scott Building
11th Floor
720 Bay St.",Toronto,Ontario,M7A 2S9,,416-326-2220,416-325-1219,,,,https://www.ola.org/sites/default/files/node-files/office_csvs/offices-all.csv
7610,1709323701131,Constituency office,,"Suite 28
180 Parsons Rd.",Alliston,Ontario,L9R 1E8,,705-435-4087,705-435-1051,,,,https://www.ola.org/sites/default/files/node-files/office_csvs/offices-all.csv
7610,1709323701131,Constituency office,,"7317 Hwy. 26
P.O. Box 820",Stayner,Ontario,L0M 1S0,,705-428-2134,705-446-3397,,,,https://www.ola.org/sites/default/files/node-files/office_csvs/offices-all.csv
7613,1709323701131,Ministry office,,"Ministry of Indigenous Affairs
Suite 400
160 Bloor St. E",Toronto,Ontario,M7A 2E6,,416-325-0272,,,,,https://www.ola.org/sites/default/files/node-files/office_csvs/offices-all.csv
7613,1709323701131,Ministry office,,"Ministry of Northern Development
99 Wellesley St. W",Toronto,Ontario,M7A 1A4,,,,,,,https://www.ola.org/sites/default/files/node-files/office_csvs/offices-all.csv
7613,1709323701131,Constituency office,,"Unit 3
101 Main St. W",Atikokan,Ontario,P0T 1C0,,807-623-6702,807-623-8921,,833-743-1684,,https://www.ola.org/sites/default/files/node-files/office_csvs/offices-all.csv
7613,1709323701131,Constituency office,,774 James St. N (Main office),Thunder Bay,Ontario,P7C 5N3,,807-623-6702,807-623-8921,,833-743-1684,,https://www.ola.org/sites/default/files/node-files/office_csvs/offices-all.csv
7609,1709323701131,Ministry office,,"Ministry of Labour, Immigration, Training and Skills Development
Whitney Block
Room 1306
99 Wellesley St. W",Toronto,Ontario,M7A 1S3,,416-326-7600,416-325-0272,,,,https://www.ola.org/sites/default/files/node-files/office_csvs/offices-all.csv
7609,1709323701131,Constituency office,,2063 Lawrence Ave. E,Scarborough,Ontario,M1R 2Z4,,416-615-2183,416-615-2011,,,,https://www.ola.org/sites/default/files/node-files/office_csvs/offices-all.csv
7446,1709323701131,Constituency office,,"Unit 4B
555 Barrydowne Rd.",Sudbury,Ontario,P3A 3T4,,705-675-1914,705-675-1456,JWest-CO@ndp.on.ca,,,https://www.ola.org/sites/default/files/node-files/office_csvs/offices-all.csv
7446,1709323701131,Legislative office,,"Room 347
Main Legislative Building, Queen's Park",Toronto,Ontario,M7A 1A8,,416-326-7144,416-326-7280,,,,https://www.ola.org/sites/default/files/node-files/office_csvs/offices-all.csv
7600,1709323701131,Ministry office,,"Ministry of Tourism, Culture and Sport
6th Floor
438 University Ave.",Toronto,Ontario,M7A 1N3,,416-326-9326,,,,,https://www.ola.org/sites/default/files/node-files/office_csvs/offices-all.csv
7600,1709323701131,Constituency office,,"Unit 102
115 Hwy. 8",Hamilton,Ontario,L8G 1C1,,905-662-8755,905-662-0416 ,,,,https://www.ola.org/sites/default/files/node-files/office_csvs/offices-all.csv
7607,1709323701131,Ministry office,,"Ministry of Natural Resources and Forestry
5th Floor
99 Wellesley St.",Toronto,Ontario,M7A 1W3,,416-314-2301,,,,,https://www.ola.org/sites/default/files/node-files/office_csvs/offices-all.csv
7607,1709323701131,Constituency office,,26 James St.,Parry Sound,Ontario,P2A 1T5,,705-746-4266  ,705-746-1578   ,,1-888-701-1176 ,,https://www.ola.org/sites/default/files/node-files/office_csvs/offices-all.csv
7607,1709323701131,Constituency office,,230 Manitoba St.,Bracebridge,Ontario,P1L 2E1,,705-645-8538,705-645-8148 ,,1-888-267-4826   ,,https://www.ola.org/sites/default/files/node-files/office_csvs/offices-all.csv
7589,1709323701131,Ministry office,,"Ministry of Finance
Frost Building North
6th Floor
95 Grosvenor St.",Toronto,Ontario,M7A 1Z1,,416-325-0400,,,,,https://www.ola.org/sites/default/files/node-files/office_csvs/offices-all.csv
7589,1709323701131,Constituency office,,"Suite 105
345 8th Street E",Owen Sound,Ontario,N4K 1L3,,519-371-2421,519-371-0953,,1-800-461-2664,,https://www.ola.org/sites/default/files/node-files/office_csvs/offices-all.csv
7506,1709323701131,Ministry office,,"Ministry for Seniors and Accessibility
5th Floor
777 Bay St.",Toronto,Ontario,M7A 1S5,,416-314-0797,,,,,https://www.ola.org/sites/default/files/node-files/office_csvs/offices-all.csv
7506,1709323701131,Constituency office,,"Suite 409
9555 Yonge St.",Richmond Hill,Ontario,L4C 9M5,,905-884-8080,905-884-1040,Daisy.Waico@pc.ola.org,,,https://www.ola.org/sites/default/files/node-files/office_csvs/offices-all.csv
NaN,1709323701131,Constituency office,,360 James St.,Wallaceburg,Ontario,N8A 2N5,, 519-627-1015   , 519-627-7174 ,lambton-kent-middlesex@pc.ola.org,,,https://www.ola.org/sites/default/files/node-files/office_csvs/offices-all.csv
NaN,1709323701131,Constituency office,,81 Front St. W,Strathroy,Ontario,N7G 1X6,,519-245-8696,519-245-8697 ,lambton-kent-middlesex@pc.ola.org,,,https://www.ola.org/sites/default/files/node-files/office_csvs/offices-all.csv
7590,1709323701131,Ministry office,,"Ministry of Colleges and Universities
5th Floor
438 University Ave.",Toronto,Ontario,M7A 0B8,,437-771-2987,416-326-2807,,,,https://www.ola.org/sites/default/files/node-files/office_csvs/offices-all.csv
7590,1709323701131,Constituency office,,"Suite 306
3027 Harvester Rd.",Burlington,Ontario,L7N 3G7,,905-639-7924,905-639-3284 ,,,,https://www.ola.org/sites/default/files/node-files/office_csvs/offices-all.csv
7611,1709323701131,Ministry office,,"Ministry of Children, Community and Social Services
7th Floor
438 University Ave.",Toronto,Ontario,M5G 2K8,,416-325-5225,416-325-5240,,,,https://www.ola.org/sites/default/files/node-files/office_csvs/offices-all.csv
7611,1709323701131,Constituency office,,"Time Square
120 Second St. W",Cornwall,Ontario,K6J 1G5,,613-933-6513,613-933-6449   ,,,,https://www.ola.org/sites/default/files/node-files/office_csvs/offices-all.csv
7612,1709323701131,Legislative office,,"Room 441
Main Legislative Building, Queen's Park",Toronto,Ontario,M7A 1A5,,,,,,,https://www.ola.org/sites/default/files/node-files/office_csvs/offices-all.csv
7612,1709323701131,Constituency office,,"Centre Street Square
Unit 4
1136 Centre St.",Thornhill,Ontario,L4J 3M8,,905-731-1178,,,,,https://www.ola.org/sites/default/files/node-files/office_csvs/offices-all.csv
7465,1709323701131,Ministry office,,"Ministry of Health
5th Floor
777 Bay St.",Toronto,Ontario,M7A 2J3,,,,,,,https://www.ola.org/sites/default/files/node-files/office_csvs/offices-all.csv
7465,1709323701131,Constituency office,,2882 Dufferin St.,Toronto,Ontario,M6B 3S6,, 416-781-2395  ,416-781-4116  ,Robin.Martinco@pc.ola.org,,,https://www.ola.org/sites/default/files/node-files/office_csvs/offices-all.csv
7164,1709323701131,Constituency office,,14 George Walk,Elliot Lake,Ontario,P5A 2A4,,705-461-9710 ,705-461-9720,MMantha-CO@ola.org,1-800-831-1899   ,,https://www.ola.org/sites/default/files/node-files/office_csvs/offices-all.csv
7164,1709323701131,Legislative office,,"Room 320
Main Legislative Building, Queen's Park",Toronto,Ontario,M7A 1A5,,416-325-1938   ,416-325-1976,MMantha-QP@ola.org,,,https://www.ola.org/sites/default/files/node-files/office_csvs/offices-all.csv
7461,1709323701131,Legislative office,,"Room 112
Main Legislative Building, Queen's Park",Toronto,Ontario,M7A 1A2,,416-325-1183,,,,,https://www.ola.org/sites/default/files/node-files/office_csvs/offices-all.csv
7461,1709323701131,Constituency office,,"Suite 103
2175 Sheppard Ave. E",North York,Ontario,M2J 1W8,,416-494-8778  ,416-494-0110  ,Vke-CO@ola.org,,,https://www.ola.org/sites/default/files/node-files/office_csvs/offices-all.csv
7192,1709323701131,Constituency office,,63B Government Rd. W,Kirkland Lake,Ontario,P2N 2E6,,705-567-4650,705-567-4208,JVanthof-CO@ndp.on.ca,,,https://www.ola.org/sites/default/files/node-files/office_csvs/offices-all.csv
7192,1709323701131,Constituency office,,"Pinewoods Centre
Unit 5
247 Whitewood Ave.
P.O. Box 398",New Liskeard,Ontario,P0J 1P0,,705-647-5995,705-647-1976,JVanthof-CO@ndp.on.ca,,,https://www.ola.org/sites/default/files/node-files/office_csvs/offices-all.csv
7192,1709323701131,Constituency office,,"2nd Floor
193 King St.",Sturgeon Falls,Ontario,P2B 1R8,,705-753-0200,705-753-0800,JVanthof-CO@ndp.on.ca,,,https://www.ola.org/sites/default/files/node-files/office_csvs/offices-all.csv
7192,1709323701131,Legislative office,,"Room 348
Main Legislative Building, Queen's Park",Toronto,Ontario,M7A 1A8,,416-325-2000,416-325-1999,,,,https://www.ola.org/sites/default/files/node-files/office_csvs/offices-all.csv
7502,1709323701131,Constituency office,,2849 Dundas St. W,Toronto,Ontario,M6P 1Y6,,416-763-5630 ,416-763-5640  ,BKarpoche-CO@ndp.on.ca,,,https://www.ola.org/sites/default/files/node-files/office_csvs/offices-all.csv
7502,1709323701131,Legislative office,,"Room 204
North Wing, Main Legislative Building, Queen's Park",Toronto,Ontario,M7A 1A5,,416-325-3017  ,416-325-2937 ,,,,https://www.ola.org/sites/default/files/node-files/office_csvs/offices-all.csv
7591,1709323701131,Ministry office,,"Ministry of Public and Business Service Delivery
5th Floor
777 Bay St.",Toronto,Ontario,M7A 2J3,,416-212-2665,416-325-0272,,,,https://www.ola.org/sites/default/files/node-files/office_csvs/offices-all.csv
7591,1709323701131,Constituency office,,"Cambridge Place
Suite 601
73 Water St. N",Cambridge,Ontario,N1R 7L6,,519-650-2770 ,,,,,https://www.ola.org/sites/default/files/node-files/office_csvs/offices-all.csv
7485,1709323701131,Legislative office,,"Room 448
Main Legislative Building, Queen's Park",Toronto,Ontario,M7A 1A5,,,,,,,https://www.ola.org/sites/default/files/node-files/office_csvs/offices-all.csv
7485,1709323701131,Constituency office,,"Unit 3
7380 McCowan Rd.",Markham,Ontario,L3S 3H8,,905-305-1935  ,905-305-1938  ,Logan.Kanapathico@pc.ola.org,,,https://www.ola.org/sites/default/files/node-files/office_csvs/offices-all.csv
7093,1709323701131,Ministry office,,"Ministry of Health
5th Floor
777 Bay St.",Toronto,Ontario,M7A 2J3,,416-327-4300,,,,,https://www.ola.org/sites/default/files/node-files/office_csvs/offices-all.csv
7093,1709323701131,Constituency office,,"Suite A
3rd Floor
180 Broadway Ave.",Orangeville,Ontario,L9W 1K3,,519-941-7751  ,519-941-3246  ,,,,https://www.ola.org/sites/default/files/node-files/office_csvs/offices-all.csv
7644,1709323701131,Legislative office,,"Room 153
Main Legislative Building, Queen's Park",Toronto,Ontario,M7A 1A2,,416-325-1207,,,,,https://www.ola.org/sites/default/files/node-files/office_csvs/offices-all.csv
7644,1709323701131,Constituency office,,"Unit B1
3785 Kingston Rd.",Scarborough,Ontario,M1J 3M4,,416-281-2787  ,416-281-2360 ,AHazell.mpp.co@Liberal.ola.org,,,https://www.ola.org/sites/default/files/node-files/office_csvs/offices-all.csv
7469,1709323701131,Ministry office,,"Ministry of the Solicitor General
George Drew Building
25 Grosvenor St.",Toronto,Ontario,M7A 1Y6,,416-326-5000,,,,,https://www.ola.org/sites/default/files/node-files/office_csvs/offices-all.csv
7469,1709323701131,Constituency office,,"Unit 21
195 Norseman St.",Etobicoke,Ontario,M8Z 0E9,,416-259-2249  ,,Christine.Hogarthco@pc.ola.org,,,https://www.ola.org/sites/default/files/node-files/office_csvs/offices-all.csv
7604,1709323701131,Ministry office,,"Ministry of Long-Term Care
6th Floor
400 University Ave.",Toronto,Ontario,M5G 1S5,,,,,,,https://www.ola.org/sites/default/files/node-files/office_csvs/offices-all.csv
7604,1709323701131,Constituency office,,"Unit 207
91 Cornelia Street W.",Smiths Falls,Ontario,K7A 5L3,,613-284-1630,613-284-0948,,,,https://www.ola.org/sites/default/files/node-files/office_csvs/offices-all.csv
7617,1709323701131,Ministry office,,"Ministry of Economic Development, Job Creation, and Trade
17th Floor
777 Bay St.",Toronto,Ontario,M5G 2E5,,,,,,,https://www.ola.org/sites/default/files/node-files/office_csvs/offices-all.csv
7617,1709323701131,Constituency office,,"Unit 1
5452 Tecumseh Rd. E",Windsor,Ontario,N8T 1C7,,519-251-5199 ,519-251-5299 ,,,,https://www.ola.org/sites/default/files/node-files/office_csvs/offices-all.csv
7619,1709323701131,Ministry office,,"Ministry of Citizenship and Multiculturalism
14th Floor
56 Wellesley St.",Toronto,Ontario,M7A 2E7,,416-212-0036,,,,,https://www.ola.org/sites/default/files/node-files/office_csvs/offices-all.csv
7619,1709323701131,Constituency office,,1832 Weston Rd.,Toronto,Ontario,M9N 1V8,,416-243-7984,416-243-0327,,,,https://www.ola.org/sites/default/files/node-files/office_csvs/offices-all.csv
7499,1709323701131,Ministry office,,"Ministry of Economic Development, Job Creation, and Trade
Whitney Block
Room 1308
99 Wellesley St. W",Toronto,Ontario,M7A 1S3,,,,,,,https://www.ola.org/sites/default/files/node-files/office_csvs/offices-all.csv
7499,1709323701131,Constituency office,,"Unit 570
2525 Old Bronte Rd.",Oakville,Ontario,L6M 4J2,,905-825-2455,905-825-0663,,,,https://www.ola.org/sites/default/files/node-files/office_csvs/offices-all.csv
7519,1709323701131,Ministry office,,"Ministry of Health
Frost Building South
7 Queens Park Circle",Toronto,Ontario,M7A 1Y7,,416-327-4300,,,,,https://www.ola.org/sites/default/files/node-files/office_csvs/offices-all.csv
7519,1709323701131,Constituency office,,"Unit 3
5100 Rutherford Rd.",Woodbridge,Ontario,L4H 2J2,,905-893-4428,905-893-4537,Michael.Tibolloco@pc.ola.org,,,https://www.ola.org/sites/default/files/node-files/office_csvs/offices-all.csv
7204,1709323701131,Constituency office,,"Suite 220
100 Regina St. S",Waterloo,Ontario,N2J 4P9,,519-725-3477,519-725-3667,,,,https://www.ola.org/sites/default/files/node-files/office_csvs/offices-all.csv
7204,1709323701131,Legislative office,,"Room 370
Main Legislative Building, Queen's Park",Toronto,Ontario,M7A 1A5,,416-325-6913,416-325-6942,,,,https://www.ola.org/sites/default/files/node-files/office_csvs/offices-all.csv
7179,1709323701131,Ministry office,,"Ministry of Agriculture, Food and Rural Affairs
11th Floor
77 Grenville St.",Toronto,Ontario,M5S 1B3,,416-326-3074,,,,,https://www.ola.org/sites/default/files/node-files/office_csvs/offices-all.csv
7179,1709323701131,Constituency office,,"408 Queen St.
P.O. Box 426",Blyth,Ontario,N0M 1H0,,519-523-4251,226-523-9296,Lisa.Thompsonco@pc.ola.org,,,https://www.ola.org/sites/default/files/node-files/office_csvs/offices-all.csv
7179,1709323701131,Constituency office,,"Unit 2
807 Queen St.",Kincardine,Ontario,N2Z 2Y2,,519-396-3007,519-396-3011,Lisa.Thompsonco@pc.ola.org,1-866-396-3007,,https://www.ola.org/sites/default/files/node-files/office_csvs/offices-all.csv
7477,1709323701131,Constituency office,,"Unit 104
73 King St.
P.O. Box 176",Sioux Lookout,Ontario,P8T 1A1,,807-737-2210,807-737-1592,SMamakwa-CO@ndp.on.ca,1-888-444-1723,,https://www.ola.org/sites/default/files/node-files/office_csvs/offices-all.csv
7477,1709323701131,Constituency office,,"Unit 4
14 Discovery Rd.
P.O. Box 855",Red Lake,Ontario,P0V 2M0,,807-727-1133,,SMamakwa-CO@ndp.on.ca,,,https://www.ola.org/sites/default/files/node-files/office_csvs/offices-all.csv
7477,1709323701131,Legislative office,,"Room 201
North Wing, Main Legislative Building, Queen's Park",Toronto,Ontario,M7A 1A5,,416-326-7692 ,416-326-7690,SMamakwa-QP@ndp.on.ca,,,https://www.ola.org/sites/default/files/node-files/office_csvs/offices-all.csv
7511,1709323701131,Ministry office,,"Ministry of Transportation
5th Floor
777 Bay St",Toronto,Ontario,M7A 1Z8,,416-327-9200,,,,,https://www.ola.org/sites/default/files/node-files/office_csvs/offices-all.csv
7511,1709323701131,Constituency office,,"Unit 105
8130 Sheppard Ave. E",Toronto,Ontario,M1B 3W3,,416-283-8448,416-283-1597,,,,https://www.ola.org/sites/default/files/node-files/office_csvs/offices-all.csv
7178,1709323701131,Constituency office,,"Unit 202
555 Concession St.",Hamilton,Ontario,L8V 1A8,,905-388-9734,905-388-7862,MTaylor-CO@ndp.on.ca,,,https://www.ola.org/sites/default/files/node-files/office_csvs/offices-all.csv
7178,1709323701131,Legislative office,,"Room 357
Main Legislative Building, Queen's Park",Toronto,Ontario,M7A 1A5,,416-325-1796,416-325-1863,,,,https://www.ola.org/sites/default/files/node-files/office_csvs/offices-all.csv
7494,1709323701131,Ministry office,,"Ministry of Economic Development, Job Creation and Trade
18th Floor
777 Bay St.",Toronto,Ontario,M7A 1S5,,,,,,,https://www.ola.org/sites/default/files/node-files/office_csvs/offices-all.csv
7494,1709323701131,Constituency office,,330 Queen St. S,Mississauga,Ontario,L5M 1M2,,905-569-1643,905-569-6416,,,,https://www.ola.org/sites/default/files/node-files/office_csvs/offices-all.csv
7603,1709323701131,Ministry office,,"Ministry of Energy
10th Floor
77 Grenville Ave.",Toronto,Ontario,M7A 2C1,,437-235-7208,,,,,https://www.ola.org/sites/default/files/node-files/office_csvs/offices-all.csv
7603,1709323701131,Constituency office,,"Building A
Unit 11
260 Holiday Inn Dr.",Cambridge,Ontario,N3C 2E8,,519-650-9413,519-650-7006,,,,https://www.ola.org/sites/default/files/node-files/office_csvs/offices-all.csv
7041,1709323701131,Constituency office,,923 Danforth Ave.,Toronto,Ontario,M4J 1L8,,416-461-0223,416-461-9542,tabunsp-co@ndp.on.ca,,,https://www.ola.org/sites/default/files/node-files/office_csvs/offices-all.csv
7041,1709323701131,Legislative office,,"Room 465
111 Wellesley St. W",Toronto,Ontario,M7A 1A5,,416-325-3250,416-325-3252,,,,https://www.ola.org/sites/default/files/node-files/office_csvs/offices-all.csv
7185,1709323701131,Ministry office,,"Ministry of Economic Development, Job Creation, and Trade
18th Floor
777 Bay St.",Toronto,Ontario,M7A 1S5,,416-326-8475,,,,,https://www.ola.org/sites/default/files/node-files/office_csvs/offices-all.csv
7185,1709323701131,Constituency office,,219 Main St. E,North Bay,Ontario,P1B 1B2,,705-474-8340,705-474-9747,Vic.Fedelico@pc.ola.org,,,https://www.ola.org/sites/default/files/node-files/office_csvs/offices-all.csv
7605,1709323701131,Ministry office,,"Ministry of Health
5th Floor
777 Bay St.",Toronto,Ontario,M7A 2J3,,,,,,,https://www.ola.org/sites/default/files/node-files/office_csvs/offices-all.csv
7605,1709323701131,Constituency office,,"Unit 22
16635 Yonge St.",Newmarket,Ontario,L3X 1V6,,905-853-9889,905-853-6115,,1-800-211-1881,,https://www.ola.org/sites/default/files/node-files/office_csvs/offices-all.csv
7512,1709323701131,Ministry office,,"Ministry of Colleges and Universities
5th Floor
438 University Ave.",Toronto,Ontario,M7A 1N3,, 416-326-1600,,,,,https://www.ola.org/sites/default/files/node-files/office_csvs/offices-all.csv
7512,1709323701131,Constituency office,,"Unit 9
575 West St. S",Orillia,Ontario,L3V 7N6,, 705-326-3246,705-326-9579,,,,https://www.ola.org/sites/default/files/node-files/office_csvs/offices-all.csv
7482,1709323701131,Ministry office,,"Room 434
Main Legislative Building, Queen's Park",Toronto,Ontario,M7A 1A5,,416-325-3018,,,,,https://www.ola.org/sites/default/files/node-files/office_csvs/offices-all.csv
7482,1709323701131,Constituency office,,"Unit 3 & 4
63 Arthur St. S",Elmira,Ontario,N3B 2M6,,519-669-2090  ,519-669-0476  ,Mike.Harrisco@pc.ola.org,,,https://www.ola.org/sites/default/files/node-files/office_csvs/offices-all.csv
7500,1709323701131,Constituency office,,109 Catherine St.,Ottawa,Ontario,K2P 0P4,,613-722-6414 ,613-722-6703,JHarden-CO@ndp.on.ca,,,https://www.ola.org/sites/default/files/node-files/office_csvs/offices-all.csv
7500,1709323701131,Legislative office,,"Room 328
Main Legislative Building, Queen's Park",Toronto,Ontario,M7A 1A8,,416-326-7648  ,416-326-7639,JHarden-QP@ndp.on.ca,,,https://www.ola.org/sites/default/files/node-files/office_csvs/offices-all.csv
43,1709323701131,Constituency office,,12 Perry St.,Woodstock,Ontario,N4S 3C2,,519-537-5222,519-537-3577 ,Ernie.Hardemanco@pc.ola.org,1-800-265-4046,,https://www.ola.org/sites/default/files/node-files/office_csvs/offices-all.csv
43,1709323701131,Legislative office,,"Room 436
Main Legislative Building, Queen's Park",Toronto,Ontario,M7A 1A8,,416-325-0224,,,,,https://www.ola.org/sites/default/files/node-files/office_csvs/offices-all.csv
7288,1709323701131,Constituency office,,2443 Dougall Ave.,Windsor ,Ontario,N8X 1T3,,519-977-7191 ,519-977-7029,LGretzky-CO@ndp.on.ca,,,https://www.ola.org/sites/default/files/node-files/office_csvs/offices-all.csv
7288,1709323701131,Legislative office,,"Room 324
Main Legislative Building, Queen's Park",Toronto,Ontario,M7A 1A5,,416-325-0235 ,416-325-0873,,,,https://www.ola.org/sites/default/files/node-files/office_csvs/offices-all.csv
7450,1709323701131,Ministry office,,"Ministry of the Attorney General
McMurtry-Scott Building
11th Floor
720 Bay St.",Toronto,Ontario,M7A 2S9,, 416-326-2220,,,,,https://www.ola.org/sites/default/files/node-files/office_csvs/offices-all.csv
7450,1709323701131,Constituency office,,"Unit 14
20 Bell Farm Rd.",Barrie,Ontario,L4M 6E4,,705-726-5538,705-726-2880,,,,https://www.ola.org/sites/default/files/node-files/office_csvs/offices-all.csv
7492,1709323701131,Constituency office,,"Unit 1 & 2
120 Lakeshore Rd. W",Mississauga,Ontario,L5H 1E8,,905-274-8228,905-274-8552,Rudy.Cuzzettoco@pc.ola.org,,,https://www.ola.org/sites/default/files/node-files/office_csvs/offices-all.csv
7492,1709323701131,Ministry office,,"Treasury Board Secretariat
Whitney Block
Room 5340
5th Floor
99 Wellesley St. W",Toronto,Ontario,M7A 1W3,,416-327-2333,,,,,https://www.ola.org/sites/default/files/node-files/office_csvs/offices-all.csv
7614,1709323701131,Constituency office,,272 Park Ave.,Thunder Bay,Ontario,P7B 1C5,,807-345-3647  ,807-345-2922  ,LVaugeois-CO@ndp.on.ca,,,https://www.ola.org/sites/default/files/node-files/office_csvs/offices-all.csv
7614,1709323701131,Legislative office,,"Room 203
North Wing, Main Legislative Building, Queen's Park",Toronto,Ontario,M7A 1A5,,416-325-0069,,,,,https://www.ola.org/sites/default/files/node-files/office_csvs/offices-all.csv
7498,1709323701131,Ministry office,,"Ministry of Finance
Frost Building South
7th Floor
7 Queen's Park Cres.",Toronto,Ontario,M7A 1Y7,,416-325-0400,,,,,https://www.ola.org/sites/default/files/node-files/office_csvs/offices-all.csv
7498,1709323701131,Constituency office,,"Unit 1
74 Rebecca St.",Oakville,Ontario,L6K 1J2,,905-827-5141,905-827-3786,,,,https://www.ola.org/sites/default/files/node-files/office_csvs/offices-all.csv
7593,1709323701131,Constituency office,,"Suite L02
1200 Lawrence Ave. E",Toronto,Ontario,M3A 1C1,,416-494-6856,416-494-9937,ashamji.mpp.co@liberal.ola.org,,,https://www.ola.org/sites/default/files/node-files/office_csvs/offices-all.csv
7455,1709323701131,Ministry office,,"Ministry of Transportation
5th Floor
777 Bay St.",Toronto,Ontario,M7A 1Z8,,416-327-9200,,,,,https://www.ola.org/sites/default/files/node-files/office_csvs/offices-all.csv
7455,1709323701131,Constituency office,,"Unit 402
7700 Hurontario St.",Brampton,Ontario,L6Y 4M3,,905-796-8669, 905-796-8069,,,,https://www.ola.org/sites/default/files/node-files/office_csvs/offices-all.csv
7456,1709323701131,Ministry office,,"Ministry of Infrastructure
Room 426A
4th Floor
777 Bay St.",Toronto,Ontario,M5G 2E5,,,,,,,https://www.ola.org/sites/default/files/node-files/office_csvs/offices-all.csv
7456,1709323701131,Constituency office,,"Unit 309
10 Gillingham Dr.",Brampton,Ontario,L6X 0G6,,905-595-1532,905-451-8496,Amarjot.Sandhuco@pc.ola.org,,,https://www.ola.org/sites/default/files/node-files/office_csvs/offices-all.csv
7513,1709323701131,Constituency office,,"Unit A
226 Bathurst St.",Toronto,Ontario,M5T 2R9,,416-603-9664  ,416-603-1214  ,CGlover-CO@ndp.on.ca,,,https://www.ola.org/sites/default/files/node-files/office_csvs/offices-all.csv
7513,1709323701131,Legislative office,,"Room 241
North Wing, Main Legislative Building, Queen's Park",Toronto,Ontario,M7A 1A8,,416-326-7196  ,416-326-7172  ,,,,https://www.ola.org/sites/default/files/node-files/office_csvs/offices-all.csv
7344,1709323701131,Ministry office,,"Premier's Office
Whitney Block
Room 6522
99 Wellesley St. W",Toronto,Ontario,M7A 1W3,,,,,,,https://www.ola.org/sites/default/files/node-files/office_csvs/offices-all.csv
7344,1709323701131,Constituency office,,"Suite 202
3000 Garden St.",Whitby,Ontario,L1R 2G6,,905-430-1141 ,905-430-1840,,,,https://www.ola.org/sites/default/files/node-files/office_csvs/offices-all.csv
7491,1709323701131,Ministry office,,"Ministry of Public and Business Service Delivery
5th Floor
777 Bay St.",Toronto,Ontario,M7A 2J3,,416-212-2665,416-325-0272,,,,https://www.ola.org/sites/default/files/node-files/office_csvs/offices-all.csv
7491,1709323701131,Constituency office,,"Unit 40
4181 Sladeview Cres",Mississauga,Ontario,L5L 5R2,,905-820-8851,905-820-4307,,,,https://www.ola.org/sites/default/files/node-files/office_csvs/offices-all.csv
7467,1709323701131,Ministry office,,"Ministry of Infrastructure
Room 5E200
5th Floor
777 Bay St.",Toronto,Ontario,M7A 2J3,,416-327-4412,,,,,https://www.ola.org/sites/default/files/node-files/office_csvs/offices-all.csv
7467,1709323701131,Constituency office,,"Lloydmanor Shopping Centre
Unit 102
201 Lloyd Manor Rd.",Etobicoke,Ontario,M9B 6H6,,416-234-2800,416-234-2276,Kinga.Surmaco@pc.ola.org,,,https://www.ola.org/sites/default/files/node-files/office_csvs/offices-all.csv
7424,1709323701131,Legislative office,,"Room 249
Main Legislative Building, Queen's Park",Toronto,Ontario,M7A 1A5,,416-325-0109,,,,,https://www.ola.org/sites/default/files/node-files/office_csvs/offices-all.csv
7424,1709323701131,Constituency office,,"Suite 102
390 Bay St.",Sault Ste Marie,Ontario,P6A 1X2,,705-949-6959,705-946-6269,Ross.Romanoco@pc.ola.org,,,https://www.ola.org/sites/default/files/node-files/office_csvs/offices-all.csv
7460,1709323701131,Legislative office,,"Room 381
Main Legislative Building, Queen's Park",Toronto,Ontario,M7A 1A5,,416-326-7202,,,,,https://www.ola.org/sites/default/files/node-files/office_csvs/offices-all.csv
7460,1709323701131,Constituency office,,1199 Bloor St. W,Toronto,Ontario,M6H 1N4,,416-535-3158,416-535-6587,MStiles-CO@ndp.on.ca,,,https://www.ola.org/sites/default/files/node-files/office_csvs/offices-all.csv
7606,1709323701131,Legislative office,,"Room 206
North Wing, Main Legislative Building, Queen's Park",Toronto,Ontario,M7A 1A5,,416-325-3001,,,,,https://www.ola.org/sites/default/files/node-files/office_csvs/offices-all.csv
7606,1709323701131,Constituency office,,"Unit 500
1580 Merivale Rd.",Nepean,Ontario,K2G 4B5,,613-721-8075,613-721-5756,CPasma-CO@ndp.on.ca,,,https://www.ola.org/sites/default/files/node-files/office_csvs/offices-all.csv
7514,1709323701131,Constituency office,,"Unit B
209 Carlton St.",St. Catharines,Ontario,L2R 1S1,,905-935-0018,905-935-0191,JStevens-CO@ndp.on.ca,,,https://www.ola.org/sites/default/files/node-files/office_csvs/offices-all.csv
7514,1709323701131,Legislative office,,"Room 387
Legislative Building, Queen's Park",Toronto,Ontario,M7A 1A5,,416-326-7127,416-326-7126,JStevens-QP@ndp.on.ca,,,https://www.ola.org/sites/default/files/node-files/office_csvs/offices-all.csv
7146,1709323701131,Legislative office,,"Room 114
Main Legislative Building, Queen's Park",Toronto,Ontario,M7A 1A2,,416-325-1216,,,,,https://www.ola.org/sites/default/files/node-files/office_csvs/offices-all.csv
7146,1709323701131,Constituency office,,"Unit 305
9 Broad St.",Brockville,Ontario,K6V 6Z4,,613-342-9522,613-342-2501,,1-800-267-4408,,https://www.ola.org/sites/default/files/node-files/office_csvs/offices-all.csv
7189,1709323701131,Ministry office,,"Ministry of Energy
10th Floor
77 Grenville St.",Toronto,Ontario,M7A 2C1,,416-327-6758,,,,,https://www.ola.org/sites/default/files/node-files/office_csvs/offices-all.csv
7189,1709323701131,Constituency office,,"Unit 8
5503 Hwy. 62 S",Belleville,Ontario,K8N 0L5,,613-962-1144,613-969-6381,Todd.Smithco@pc.ola.org,,,https://www.ola.org/sites/default/files/node-files/office_csvs/offices-all.csv
7520,1709323701131,Ministry office,,"Ministry of Long-Term Care
6th Floor
400 University Ave.",Toronto,Ontario,M5G 1S5,,416-325-6200,,,,,https://www.ola.org/sites/default/files/node-files/office_csvs/offices-all.csv
7520,1709323701131,Constituency office,,111 Sheppard Ave. W,North York,Ontario,M2N 1M7,,416-733-7878,416-733-7709,,,,https://www.ola.org/sites/default/files/node-files/office_csvs/offices-all.csv
7525,1709323701131,Legislative office,,"Room 440
Main Legislative Building, Queen's Park",Toronto,Ontario,M7A 1A5,,,,,,,https://www.ola.org/sites/default/files/node-files/office_csvs/offices-all.csv
7525,1709323701131,Constituency office,,"Unit E
864 Chemong Rd.",Peterborough,Ontario,K9H 5Z8,,705-742-3777,705-742-1822,dave.smithco@pc.ola.org,,,https://www.ola.org/sites/default/files/node-files/office_csvs/offices-all.csv
7470,1709323701131,Legislative office,,"Room 270
Main Legislative Building, Queen's Park",Toronto,Ontario,M7A 1A5,,416-325-0138,,,,,https://www.ola.org/sites/default/files/node-files/office_csvs/offices-all.csv
7470,1709323701131,Constituency office,,"Suite 104
2000 Garth St.",Hamilton,Ontario,L9B 0C1,,905-679-3770,905-679-0288,,,,https://www.ola.org/sites/default/files/node-files/office_csvs/offices-all.csv
7364,1709323701131,Ministry office,,"Ministry for Seniors and Accessibility
5th Floor
777 Bay St.",Toronto,Ontario,M7A 1S5,,416-314-0797,,,1-888-910-1999,,https://www.ola.org/sites/default/files/node-files/office_csvs/offices-all.csv
7364,1709323701131,Constituency office,,"Unit B
4559 Sheppard Ave. E",Toronto,Ontario,M1S 1V3,,416-297-5040,416-297-6767,,,,https://www.ola.org/sites/default/files/node-files/office_csvs/offices-all.csv
7586,1709323701131,Ministry office,,"Ministry of Children, Community and Social Services
7th Floor
438 University Ave.",Toronto,Ontario, M5G 2K8,,,,,,,https://www.ola.org/sites/default/files/node-files/office_csvs/offices-all.csv
7586,1709323701131,Constituency office,,"Lakeridge Plaza
Unit 12
456 Vodden St. E",Brampton,Ontario,L6S 5Y7,,905-454-1233,905-454-8292,,,,https://www.ola.org/sites/default/files/node-files/office_csvs/offices-all.csv
7587,1709323701131,Ministry office,,"Ministry of Transportation
5th Floor
777 Bay St.",Toronto,Ontario,M7A 1Z8,,416-327-9200,,,,,https://www.ola.org/sites/default/files/node-files/office_csvs/offices-all.csv
7587,1709323701131,Constituency office,,"Unit 307
1 Gateway Blvd.",Brampton,Ontario,L6T 0G3,,905-799-3939,905-799-9505,,,,https://www.ola.org/sites/default/files/node-files/office_csvs/offices-all.csv
7484,1709323701131,Ministry office,,"Ministry of Municipal Affairs and Housing
17th Floor
777 Bay St.",Toronto,Ontario,M7A 2J3,,416-585-7000,416-585-4230,,,,https://www.ola.org/sites/default/files/node-files/office_csvs/offices-all.csv
7484,1709323701131,Ministry office,,"Ministry of Legislative Affairs
Main Legislative Building
Room 223
111 Wellesley St. W",Toronto,Ontario,M7A 1A8,,416-325-7754,,,,,https://www.ola.org/sites/default/files/node-files/office_csvs/offices-all.csv
7484,1709323701131,Legislative office,,"Room 223
Main Legislative Building, Queen's Park",Toronto,Ontario,M7A 1A8,,,,,,,https://www.ola.org/sites/default/files/node-files/office_csvs/offices-all.csv
7484,1709323701131,Constituency office,,"Suite 400
37 Sandiford Dr.",Stouffville,Ontario,L4A 3Z2,,905-642-2588,905-642-1618,,1-866-531-9551,,https://www.ola.org/sites/default/files/node-files/office_csvs/offices-all.csv
7496,1709323701131,Constituency office,,"Unit 102
60 King St.",Welland,Ontario,L3B 6A4,,905-732-6884,905-732-9782,JBurch-CO@ndp.on.ca,,,https://www.ola.org/sites/default/files/node-files/office_csvs/offices-all.csv
7496,1709323701131,Legislative office,,"Room 355
Main Legislative Building, Queen's Park",Toronto,Ontario,M7A 1A8,,416-325-3990,416-325-3415,JBurch-QP@ndp.on.ca,,,https://www.ola.org/sites/default/files/node-files/office_csvs/offices-all.csv
7598,1709323701131,Ministry office,,"Ministry of Energy
10th Floor
77 Grenville St.",Toronto,Ontario,M7A 2C1,,437-214-7372,,,,,https://www.ola.org/sites/default/files/node-files/office_csvs/offices-all.csv
7598,1709323701131,Constituency office,,290A McGill St.,Hawkesbury,Ontario,K6A 1P8,,613-632-2706,613-632-1554,,1-800-294-8250,,https://www.ola.org/sites/default/files/node-files/office_csvs/offices-all.csv
7472,1709323701131,Constituency office,,177 King St. W,Dundas,Ontario,L9H 1V3,,905-628-2755,905-628-1280,SShaw-CO@ndp.on.ca,,,https://www.ola.org/sites/default/files/node-files/office_csvs/offices-all.csv
7472,1709323701131,Legislative office,,"Room 359
Main Legislative Building, Queen's Park",Toronto,Ontario,M7A 1A8,,416-326-6890,416-326-6885,SShaw-QP@ndp.on.ca,,,https://www.ola.org/sites/default/files/node-files/office_csvs/offices-all.csv
2116,1709323701131,Constituency office,,14 Lindsay St. N,Lindsay,Ontario,K9V 1T4,,705-324-6654,,Laurie.Scottco@pc.ola.org,1-800-424-2490,,https://www.ola.org/sites/default/files/node-files/office_csvs/offices-all.csv
2116,1709323701131,Legislative office,,"Room 420
Main Legislative Building, Queen's Park",Toronto,Ontario,M7A 1A8,,416-325-0277,,,,,https://www.ola.org/sites/default/files/node-files/office_csvs/offices-all.csv
7449,1709323701131,Constituency office,,173 Woolwich St.,Guelph,Ontario,N1H 3V4,,519-836-4190,519-836-4191,mschreiner-co@ola.org,,,https://www.ola.org/sites/default/files/node-files/office_csvs/offices-all.csv
7449,1709323701131,Legislative office,,"Room 186
Main Legislative Building, Queen's Park",Toronto,Ontario,M7A 1A5,,416-325-4664,416-325-4666,,,,https://www.ola.org/sites/default/files/node-files/office_csvs/offices-all.csv
7225,1709323701131,Constituency office,,"Unit 101
240 Commissioners Rd. W",London,Ontario,N6J 1Y1,,519-657-3120,519-657-0368,PSattler-CO@ndp.on.ca,,,https://www.ola.org/sites/default/files/node-files/office_csvs/offices-all.csv
7225,1709323701131,Legislative office,,"Room 467
Main Legislative Building, Queen's Park",Toronto,Ontario,M7A 1A5,,416-325-6908,416-325-7030,PSattler-QP@ndp.on.ca,,,https://www.ola.org/sites/default/files/node-files/office_csvs/offices-all.csv
NaN,1709323701131,Ministry office,,"Ministry of Red Tape Reduction
7th Floor
56 Wellesley St. W",Toronto,Ontario,M5S 2S3,,416-212-0088,,,,,https://www.ola.org/sites/default/files/node-files/office_csvs/offices-all.csv
NaN,1709323701131,Constituency office,,"Unit 206
400 Main St. E",Milton,Ontario,L9T 4X5,,905-878-1729  ,905-878-5144  ,,,,https://www.ola.org/sites/default/files/node-files/office_csvs/offices-all.csv
7459,1709323701131,Legislative office,,"Room 210
Main Legislative Building, Queen's Park",Toronto,Ontario,M7A 1A5,,416-325-4890,,,,,https://www.ola.org/sites/default/files/node-files/office_csvs/offices-all.csv
7459,1709323701131,Constituency office,,"Unit 30
6179 Perth St.",Richmond,Ontario,K0A 2Z0,,613-838-4425,613-838-6045 ,,,,https://www.ola.org/sites/default/files/node-files/office_csvs/offices-all.csv
7476,1709323701131,Ministry office,,"Ministry of Northern Development
160 Bloor St E.",Toronto,Ontario,M7A 2E6,,705-945-6698 ,,,1-800-461-2287,,https://www.ola.org/sites/default/files/node-files/office_csvs/offices-all.csv
7476,1709323701131,Ministry office,,"Ministry of Indigenous Affairs
Suite 400
160 Bloor St. E",Toronto,Ontario,M7A 2E6,,416-326-4740,,,,,https://www.ola.org/sites/default/files/node-files/office_csvs/offices-all.csv
7476,1709323701131,Constituency office,,"Unit 2
439 Government St.",Dryden,Ontario,P8N 2P4,,807-223-6456,807-223-6593,Greg.Rickfordco@pc.ola.org,1-800-465-8501,,https://www.ola.org/sites/default/files/node-files/office_csvs/offices-all.csv
7476,1709323701131,Constituency office,,"5907 Hwy. 11/71
P.O. Box 326",Emo,Ontario,P0W 1E0,,,,Greg.Rickfordco@pc.ola.org,,,https://www.ola.org/sites/default/files/node-files/office_csvs/offices-all.csv
7476,1709323701131,Constituency office,,"Suite B
610 Lakeview Dr.",Kenora,Ontario,P9N 3P7,,807-467-2415,807-467-2641,Greg.Rickfordco@pc.ola.org, 1-800-465-8501,,https://www.ola.org/sites/default/files/node-files/office_csvs/offices-all.csv
7490,1709323701131,Legislative office,,"Room 449
Main Legislative Building, Queen’s Park",Toronto,Ontario,M7A 1A5,,,,krasheed-qp@ola.org,,,https://www.ola.org/sites/default/files/node-files/office_csvs/offices-all.csv
7490,1709323701131,Constituency office,,"Unit 315
1420 Burnhamthorpe Rd. E",Mississauga,Ontario,L4X 2Z9,,905-238-1751,905-238-4918 ,KRasheed-CO@ola.org,,,https://www.ola.org/sites/default/files/node-files/office_csvs/offices-all.csv
7474,1709323701131,Constituency office,,"Unit 38
2300 Finch Ave. W",North York,Ontario,M9M 2Y3,,416-743-7272,416-743-3292,TRakocevic-CO@ndp.on.ca,,,https://www.ola.org/sites/default/files/node-files/office_csvs/offices-all.csv
7474,1709323701131,Legislative office,,"Room 207
North Wing, Main Legislative Building, Queen's Park",Toronto,Ontario,M7A 1A8,,416-326-7585,416-326-7634,,,,https://www.ola.org/sites/default/files/node-files/office_csvs/offices-all.csv
7524,1709323701131,Ministry office,,"Ministry of Labour, Immigration, Training and Skills Development
14th Floor
400 University Ave",Toronto,Ontario,M7A 1T7,,416-326-7600,416-325-0272,,,,https://www.ola.org/sites/default/files/node-files/office_csvs/offices-all.csv
7524,1709323701131,Constituency office,,117 Peter St.,Port Hope,Ontario,L1A 1C5,,905-372-4000,905-885-0050,,,,https://www.ola.org/sites/default/files/node-files/office_csvs/offices-all.csv
7486,1709323701131,Ministry office,,"Ministry of Citizenship and Multiculturalism
14th Floor
56 Wellesley St.",Toronto,Ontario,M5S 3L6,,,,,,,https://www.ola.org/sites/default/files/node-files/office_csvs/offices-all.csv
7486,1709323701131,Constituency office,,"Unit 602
3601 Hwy. 7 E",Markham,Ontario,L3R 0M3,,905-474-3288,905-474-2878,Billy.Pangco@pc.ola.org,,,https://www.ola.org/sites/default/files/node-files/office_csvs/offices-all.csv
7495,1709323701131,Constituency office,,"Unit 6
631 Front St.",Hearst,Ontario,P0L 1N0,,705-372-6400,705-372-6440,,,,https://www.ola.org/sites/default/files/node-files/office_csvs/offices-all.csv
7495,1709323701131,Constituency office,,1-2 Ash St.,Kapuskasing,Ontario,P5N 3H4,,705-335-6400  ,,,,,https://www.ola.org/sites/default/files/node-files/office_csvs/offices-all.csv
7495,1709323701131,Legislative office,,"Room 329
Main Legislative Building, Queen's Park",Toronto,Ontario,M7A 1A5,,416-326-7351,416-326-6972,,,,https://www.ola.org/sites/default/files/node-files/office_csvs/offices-all.csv
7584,1709323701131,Constituency office,,"Suite 502
230 Westney Rd. S",Ajax,Ontario,L1S 7J5,,905-427-2060,905-427-6976,,,,https://www.ola.org/sites/default/files/node-files/office_csvs/offices-all.csv
7090,1709323701131,Constituency office,,"Hanmer Valley Shopping Plaza
Suite 15
5085 Hwy. 69 N",Hanmer,Ontario,P3P 1P7,,705-969-3621 ,705-969-3538  ,Fgelinas-co@ndp.on.ca,,,https://www.ola.org/sites/default/files/node-files/office_csvs/offices-all.csv
7090,1709323701131,Legislative office,,"Room 316
Main Legislative Building, Queen's Park",Toronto,Ontario,M7A 1A5,,416-325-9203,416-325-9185  ,Fgelinas-qp@ndp.on.ca,,,https://www.ola.org/sites/default/files/node-files/office_csvs/offices-all.csv
7457,1709323701131,Legislative office,,"Room 267
Main Legislative Building, Queen's Park",Toronto,Ontario,M7A 1A5,,416-325-0169,,,,,https://www.ola.org/sites/default/files/node-files/office_csvs/offices-all.csv
7457,1709323701131,Constituency office,,"Suite 101
96 Nelson St.",Brantford,Ontario,N3T 2X1,,519-759-0361,519-759-6439,,,,https://www.ola.org/sites/default/files/node-files/office_csvs/offices-all.csv
7608,1709323701131,Ministry office,,"Ministry of Municipal Affairs and Housing
17th Floor
777 Bay St.",Toronto,Ontario,M7A 2J3,,416-585-7000,,,,,https://www.ola.org/sites/default/files/node-files/office_csvs/offices-all.csv
7608,1709323701131,Constituency office,,"Unit 2
55 Lorne Ave. E",Stratford,Ontario,N5A 6S4,,519-272-0660, 519-272-1064,,1-800-461-9701,,https://www.ola.org/sites/default/files/node-files/office_csvs/offices-all.csv
7615,1709323701131,Ministry office,,"Ministry of Mines
5th Floor
99 Wellesley St. W",Toronto,Ontario,M7A 1W3,,1-888-415-9845,,,,,https://www.ola.org/sites/default/files/node-files/office_csvs/offices-all.csv
7615,1709323701131,Constituency office,,"Unit 1
54 Waterloo Rd.",Timmins,Ontario,P4N 8P3,,705-268-6400,705-531-5875,,,,https://www.ola.org/sites/default/files/node-files/office_csvs/offices-all.csv
7447,1709323701131,Ministry office,,"Ministry of Children, Community and Social Services
7th Floor
438 University Ave.",Toronto,Ontario,M5G 2K8,, 416-325-5225,,,,,https://www.ola.org/sites/default/files/node-files/office_csvs/offices-all.csv
7447,1709323701131,Constituency office,,"Suite 201
13085 Yonge St.",Richmond Hill,Ontario,L4E 3S8,,905-773-6250,905-773-8158,Michael.Parsaco@pc.ola.org,888-486-5352,,https://www.ola.org/sites/default/files/node-files/office_csvs/offices-all.csv
7505,1709323701131,Ministry office,,"Ministry of Finance
​​​​​​​Frost Building South
7th Floor
7 Queen's Park Cres.",Toronto,Ontario,M7A 1Y7,,416-325-0400,,,,,https://www.ola.org/sites/default/files/node-files/office_csvs/offices-all.csv
7505,1709323701131,Constituency office,,"Suite 213
1550 Kingston Rd.",Pickering,Ontario,L1V 1C3,,905-509-0336  ,905-509-0334,,1-888-444-1730,,https://www.ola.org/sites/default/files/node-files/office_csvs/offices-all.csv
7244,1709323701131,Constituency office,,"Douglas Heights Seniors Centre
265 High St.",Fort Erie,Ontario,L2A 3R4,,905-871-8868  ,905-871-4717 ,WGates-CO@ndp.on.ca,,,https://www.ola.org/sites/default/files/node-files/office_csvs/offices-all.csv
7244,1709323701131,Constituency office,,"Unit 1
6746 Morrison St.",Niagara Falls,Ontario,L2E 6Z8,,905-357-0681  ,905-357-9456  ,WGates-CO@ndp.on.ca,,,https://www.ola.org/sites/default/files/node-files/office_csvs/offices-all.csv
7244,1709323701131,Legislative office,,"Room 321
Main Legislative Building, Queen's Park",Toronto,Ontario,M7A 1A5,,416-212-6102 ,416-212-6106  ,WGates-QP@ndp.on.ca,,,https://www.ola.org/sites/default/files/node-files/office_csvs/offices-all.csv
7585,1709323701131,Legislative office,,"Room 156
Main Legislative Building, Queen's Park",Toronto,Ontario,M7A 1A5,,416-325-0090,,,,,https://www.ola.org/sites/default/files/node-files/office_csvs/offices-all.csv
7585,1709323701131,Constituency office,,1821 Danforth Ave.,Toronto,Ontario,M4C 1J2,,416-690-1032,416-690-8420,mmcmahon.mpp.co@liberal.ola.org,,,https://www.ola.org/sites/default/files/node-files/office_csvs/offices-all.csv
7595,1709323701131,Ministry office,,"Ministry of Public and Business Service Delivery
5th Floor
777 Bay St.",Toronto,Ontario,M7A 2J3,,416-212-2665,416-326-1947,,1-844-286-8404,1-844-403-5904,https://www.ola.org/sites/default/files/node-files/office_csvs/offices-all.csv
7595,1709323701131,Constituency office,,23 King St. W,Bowmanville,Ontario,L1C 1R2,,905-697-1501,905-697-1506,,,,https://www.ola.org/sites/default/files/node-files/office_csvs/offices-all.csv
7518,1709323701131,Constituency office,,"Unit 103
719 Bloor St. W",Toronto,Ontario,M6G 1L5,,416-535-7206,,JBell-CO@ndp.on.ca,,,https://www.ola.org/sites/default/files/node-files/office_csvs/offices-all.csv
7518,1709323701131,Legislative office,,"Room 384
Main Legislative Building, Queen's Park",Toronto,Ontario,M7A 1A5,,416-325-1620,416-325-1424 ,,,,https://www.ola.org/sites/default/files/node-files/office_csvs/offices-all.csv
7042,1709323701131,Legislative office,,"Room 263
Main Legislative Building, Queen's Park",Toronto,Ontario,M7A 1A5,,416-325-0119,,,,,https://www.ola.org/sites/default/files/node-files/office_csvs/offices-all.csv
7042,1709323701131,Constituency office,,"Unit 222/3
250B Greenbank Rd.",Nepean,Ontario,K2H 8X4,,613-823-2116 ,613-823-8284 ,Lisa.Macleodco@pc.ola.org,,,https://www.ola.org/sites/default/files/node-files/office_csvs/offices-all.csv
7508,1709323701131,Constituency office,,"Unit 5
3110 Kingston Rd.",Scarborough,Ontario,M1M 1P2,,416-261-9525,416-261-0381,DBegum-CO@ndp.on.ca,,,https://www.ola.org/sites/default/files/node-files/office_csvs/offices-all.csv
7508,1709323701131,Legislative office,,"Room 202
North Wing, Main Legislative Building, Queen's Park",Toronto,Ontario,M7A 1A5,,416-325-0908,416-325-0685 ,,,,https://www.ola.org/sites/default/files/node-files/office_csvs/offices-all.csv
7645,1709323701131,Legislative office,,"Room 170
Main Legislative Building, Queen's Park",Toronto,Ontario,M7A 1A2,,416-325-1212,,,,,https://www.ola.org/sites/default/files/node-files/office_csvs/offices-all.csv
7645,1709323701131,Constituency office,,"Suite 109
555 Legget Dr.",Kanata,Ontario,K2K 2X3,,613-599-3000  ,,KMcCrimmon.mpp.co@liberal.ola.org,,,https://www.ola.org/sites/default/files/node-files/office_csvs/offices-all.csv
7599,1709323701131,Legislative office,,"Room 184
Main Legislative Building, Queen's Park",Toronto,Ontario,M7A 1A5,,416-325-0027,,,,,https://www.ola.org/sites/default/files/node-files/office_csvs/offices-all.csv
7599,1709323701131,Constituency office,,P.O. Box 91,Simcoe,Ontario,N3Y 4K8,,,,,,,https://www.ola.org/sites/default/files/node-files/office_csvs/offices-all.csv
7599,1709323701131,Constituency office,,50B Gilbertson Dr.,Simcoe,Ontario,N3Y 4L8,,519-428-0446,519-428-0835,BABrady-CO@ola.org,,,https://www.ola.org/sites/default/files/node-files/office_csvs/offices-all.csv
7283,1709323701131,Constituency office,,"Unit 2
78 Centre St. N",Oshawa,Ontario,L1G 4B6,,905-723-2411  ,905-723-1054  ,JFrench-CO@ndp.on.ca,,,https://www.ola.org/sites/default/files/node-files/office_csvs/offices-all.csv
7283,1709323701131,Legislative office,,"Room 344
Main Legislative Building, Queen's Park",Toronto,Ontario,M7A 1A5,,416-325-0117  ,416-325-0084  ,JFrench-QP@ndp.on.ca,,,https://www.ola.org/sites/default/files/node-files/office_csvs/offices-all.csv
7226,1709323701131,Constituency office,,"Unit D
1883 Bank St.",Ottawa,Ontario,K1V 7Z9,,613-736-9573  ,613-736-7374  ,jfraser.mpp.co@liberal.ola.org,,,https://www.ola.org/sites/default/files/node-files/office_csvs/offices-all.csv
7226,1709323701131,Legislative office,,"Room 160
Main Legislative Building, Queen's Park",Toronto,Ontario,M7A 1A5,,416-325-4670,,,,,https://www.ola.org/sites/default/files/node-files/office_csvs/offices-all.csv
7086,1709323701131,Ministry office,,"Ministry of the Solicitor General
George Drew Building
25 Grosvenor St.",Toronto,Ontario,M7A 1Y6,,416-326-5000,,,,,https://www.ola.org/sites/default/files/node-files/office_csvs/offices-all.csv
7086,1709323701131,Constituency office,,"Suite 102
805 Christina St. N",Point Edward,Ontario,N7V 1X6,,519-337-0051,519-337-3246,Bob.Baileyco@pc.ola.org,,,https://www.ola.org/sites/default/files/node-files/office_csvs/offices-all.csv
7509,1709323701131,Constituency office,,"Suite 207
4002 Sheppard Ave. E",Scarborough,Ontario,M1S 4R5,,416-297-6568,416-297-4962,,,,https://www.ola.org/sites/default/files/node-files/office_csvs/offices-all.csv
7509,1709323701131,Legislative office,,"Room 265
Main Legislative Building, Queen's Park",Toronto,Ontario,M7A 1A8,,416-326-7111,416-326-7099,,,,https://www.ola.org/sites/default/files/node-files/office_csvs/offices-all.csv
7468,1709323701131,Constituency office,,823 Albion Rd.,Etobicoke,Ontario,M9V 1A3,,416-745-2859,416-745-4601  ,doug.fordco@pc.ola.org,,,https://www.ola.org/sites/default/files/node-files/office_csvs/offices-all.csv
7468,1709323701131,Ministry office,,"Premier's Office
Room 281
Legislative Building, Queen's Park",Toronto,Ontario,M7A 1A1,,416-325-7635,416-325-9895,,,,https://www.ola.org/sites/default/files/node-files/office_csvs/offices-all.csv
7618,1709323701131,Ministry office,,"Ministry of the Solicitor General
George Drew Building
18th Floor
25 Grosvenor St.",Toronto,Ontario,M7A 1Y6,, 416-326-5000,,,,,https://www.ola.org/sites/default/files/node-files/office_csvs/offices-all.csv
7618,1709323701131,Constituency office,,830 Sheppard Ave. W.,Toronto,Ontario,M3H 2T1,,416-630-0080,416-630-8828,,,,https://www.ola.org/sites/default/files/node-files/office_csvs/offices-all.csv
7602,1709323701131,Constituency office,,"Unit 403
837 Princess Street",Kingston,Ontario,K7L 1G8,,613-547-2385,613-547-5001,thsu.mpp.co@liberal.ola.org,,,https://www.ola.org/sites/default/files/node-files/office_csvs/offices-all.csv
7602,1709323701131,Legislative office,,"Room 159
Main Legislative Building, Queen's Park",Toronto,Ontario,M7A 1A5,,416-325-0051,,,,,https://www.ola.org/sites/default/files/node-files/office_csvs/offices-all.csv
7405,1709323701131,Ministry office,,"Ministry of Red Tape Reduction
7th Floor
56 Wellesley St. W",Toronto,Ontario,M5S 2S3,,,,,,,https://www.ola.org/sites/default/files/node-files/office_csvs/offices-all.csv
7405,1709323701131,Constituency office,,"Unit M1
4961 King St. E",Beamsville,Ontario,L0R 1B0,,905-563-1755,905-563-1317,Sam.Oosterhoffco@pc.ola.org,,,https://www.ola.org/sites/default/files/node-files/office_csvs/offices-all.csv
2,1709323701131,Constituency office,,"2nd Floor
181 St. Andrew St. E",Fergus,Ontario,N1M 1P9,,519-787-5247 ,519-787-5249,ted.arnottco@pc.ola.org,1-800-265-2366,,https://www.ola.org/sites/default/files/node-files/office_csvs/offices-all.csv
2,1709323701131,Legislative office,,"Room 180
Main Legislative Building, Queen's Park",Toronto,Ontario,M7A 1A2,,416-325-3880,416-325-6649  ,,,,https://www.ola.org/sites/default/files/node-files/office_csvs/offices-all.csv
7183,1709323701131,Constituency office,,155 Clarke Rd.,London,Ontario,N5W 5C9,,519-668-1104  ,519-668-1941 ,Tarmstrong-CO@ndp.on.ca,,,https://www.ola.org/sites/default/files/node-files/office_csvs/offices-all.csv
7183,1709323701131,Legislative office,,"Room 341
Main Legislative Building, Queen's Park",Toronto,Ontario,M7A 1A5,,416-325-1872 ,416-325-1912,TArmstrong-QP@ndp.on.ca,,,https://www.ola.org/sites/default/files/node-files/office_csvs/offices-all.csv
7517,1709323701131,Constituency office,,803 St. Clair Ave. W,Toronto,Ontario,M6C 1B9,,416-656-0943  ,416-656-0875  ,JAndrew-CO@ndp.on.ca,,,https://www.ola.org/sites/default/files/node-files/office_csvs/offices-all.csv
7517,1709323701131,Legislative office,,"Room 363
Main Legislative Building, Queen's Park",Toronto,Ontario,M7A 1A5,,416-325-0071,416-325-4728,,,,https://www.ola.org/sites/default/files/node-files/office_csvs/offices-all.csv
7493,1709323701131,Ministry office,,"Ministry of Labour, Immigration, Training and Skills Development
1st Floor
400 University Ave",Toronto,Ontario,M7A 1T7,,416-326-7600,416-325-0272,,,,https://www.ola.org/sites/default/files/node-files/office_csvs/offices-all.csv
7493,1709323701131,Constituency office,,"Unit 11
7895 Tranmere Dr.",Mississauga,Ontario,L5S 1V9,,905-696-0367,905-696-7545 ,,,,https://www.ola.org/sites/default/files/node-files/office_csvs/offices-all.csv
